data_lancamento,nome_artistico,nome_artista,qtd_artistas,qtd_playlists_spotify,qtd_destaques_spotify,qtd_transmissoes,qtd_playlists_apple,qtd_destaques_apple,qtd_playlists_deezer,qtd_destques_deezer,qtd_destaues_shazam,batidas_por_minuto,modo,acustica_%,instrumentalidade_%
2023-07-14,SEVEN (FEAT. LATTO) (EXPLICIT VER.),"LATTO, JUNG KOOK",2,553,147,141381703.0,43,263,45.0,10,826.0,125,MAJOR,31,0
2023-03-23,LALA,MYKE TOWERS,1,1474,48,133716286.0,48,126,58.0,14,382.0,92,MAJOR,7,0
2023-06-30,VAMPIRE,OLIVIA RODRIGO,1,1397,113,140003974.0,94,207,91.0,14,949.0,138,MAJOR,17,0
2019-08-23,CRUEL SUMMER,TAYLOR SWIFT,1,7858,100,800840817.0,116,207,125.0,12,548.0,170,MAJOR,11,0
2023-05-18,WHERE SHE GOES,BAD BUNNY,1,3133,50,303236322.0,84,133,87.0,15,425.0,144,MINOR,14,63
2023-06-01,SPRINTER,"DAVE, CENTRAL CEE",2,2186,91,183706234.0,67,213,88.0,17,946.0,141,MAJOR,19,0
2023-03-16,ELLA BAILA SOLA,"ESLABON ARMADO, PESO PLUMA",2,3090,50,725980112.0,34,222,43.0,13,418.0,148,MINOR,48,0
2023-07-07,COLUMBIA,QUEVEDO,1,714,43,58149378.0,25,89,30.0,13,194.0,100,MAJOR,37,0
2023-05-15,FUKUMEAN,GUNNA,1,1096,83,95217315.0,60,210,48.0,11,953.0,130,MINOR,12,0
2023-03-17,LA BEBE - REMIX,"PESO PLUMA, YNG LVCAS",2,2953,44,553634067.0,49,110,66.0,13,339.0,170,MINOR,21,0
2023-04-17,UN X100TO,"BAD BUNNY, GRUPO FRONTERA",2,2876,40,505671438.0,41,205,54.0,12,251.0,83,MINOR,23,0
2023-07-07,SUPER SHY,NEWJEANS,1,422,55,58255150.0,37,202,21.0,5,168.0,150,MINOR,18,0
2023-01-12,FLOWERS,MILEY CYRUS,1,12211,115,1316855716.0,300,215,745.0,58,1.021,118,MAJOR,6,0
2023-04-14,DAYLIGHT,DAVID KUSHNER,1,3528,98,387570742.0,80,156,182.0,24,1.281,130,MINOR,83,0
2022-03-31,AS IT WAS,HARRY STYLES,1,23575,130,2513188493.0,403,198,863.0,46,0.0,174,MINOR,34,0
2022-12-08,KILL BILL,SZA,1,8109,77,1163093654.0,183,162,161.0,12,187.0,89,MAJOR,5,17
2023-02-24,CUPID - TWIN VER.,FIFTY FIFTY,1,2942,77,496795686.0,91,212,78.0,6,0.0,120,MINOR,43,0
2023-07-13,"WHAT WAS I MADE FOR? [FROM THE MOTION PICTURE ""BARBIE""]",BILLIE EILISH,1,873,104,30546883.0,80,227,95.0,24,1.173,78,MAJOR,96,0
2023-03-31,CLASSY 101,"FEID, YOUNG MIKO",2,2610,40,335222234.0,43,100,54.0,14,187.0,100,MAJOR,14,0
2023-03-24,LIKE CRAZY,JIMIN,1,596,68,363369738.0,8,104,23.0,2,29.0,120,MAJOR,0,0
2023-06-22,LADY GAGA,"GABITO BALLESTEROS, JUNIOR H, PESO PLUMA",3,332,26,86444842.0,11,163,10.0,4,0.0,140,MINOR,22,0
2023-07-07,I CAN SEE YOU (TAYLORÏ¿½Ï¿½Ï¿½S VERSION) (FROM THE,TAYLOR SWIFT,1,516,38,52135248.0,73,119,42.0,1,150.0,123,MAJOR,6,0
2013-01-01,I WANNA BE YOURS,ARCTIC MONKEYS,1,12859,110,1297026226.0,24,98,582.0,2,73.0,135,MINOR,12,2
2023-05-31,"PESO PLUMA: BZRP MUSIC SESSIONS, VOL. 55","BIZARRAP, PESO PLUMA",2,1313,40,200647221.0,17,152,32.0,11,139.0,133,MINOR,26,0
2023-06-02,POPULAR (WITH PLAYBOI CARTI & MADONNA) - THE IDOL VOL. 1 (MUSIC FROM THE HBO ORIGINAL SERIES),"THE WEEKND, MADONNA, PLAYBOI CARTI",3,1945,87,115364561.0,74,182,87.0,14,1.093,99,MAJOR,7,0
2023-06-22,SABOR FRESA,FUERZA REGIDA,1,250,26,78300654.0,16,149,10.0,5,168.0,130,MINOR,9,0
2022-03-25,CALM DOWN (WITH SELENA GOMEZ),"RÏ¿½Ï¿½MA, SELENA G",2,7112,77,899183384.0,202,119,318.0,38,96.0,107,MAJOR,43,0
2023-06-29,MOJABI GHOST,"TAINY, BAD BUNNY",2,859,40,61245289.0,35,109,41.0,14,211.0,122,MINOR,14,0
2023-01-31,LAST NIGHT,MORGAN WALLEN,1,2420,19,429829812.0,52,107,15.0,1,325.0,204,MAJOR,46,0
2023-05-25,DANCE THE NIGHT (FROM BARBIE THE ALBUM),DUA LIPA,1,2988,101,127408954.0,0,0,143.0,38,0.0,110,MINOR,2,0
2023-07-13,RUSH,TROYE SIVAN,1,864,78,22581161.0,71,135,50.0,1,294.0,126,MINOR,0,0
2023-06-28,TULUM,"PESO PLUMA, GRUPO FRONTERA",2,266,34,52294266.0,20,185,13.0,8,197.0,168,MAJOR,39,0
2022-12-02,CREEPIN',"THE WEEKND, 21 SAVAGE, METRO BOOMIN",3,6036,88,843957510.0,113,149,245.0,23,27.0,98,MINOR,36,0
2022-10-21,ANTI-HERO,TAYLOR SWIFT,1,9082,56,999748277.0,242,142,165.0,9,310.0,97,MAJOR,12,0
2023-02-23,TQG,"KAROL G, SHAKIRA",2,4284,49,618990393.0,115,123,184.0,18,354.0,180,MINOR,67,0
2023-06-01,LOS DEL ESPACIO,"BIG ONE, DUKI, LIT KILLAH, MARIA BECERRA, FMK, RUSHERKING, EMILIA, TIAGO PZK",8,1150,31,123122413.0,22,33,34.0,7,184.0,120,MAJOR,11,0
2023-04-07,FRÏ¿½Ï¿½GIL (FEAT. GRUPO FRONT,"YAHRITZA Y SU ESENCIA, GRUPO FRONTERA",2,672,34,188933502.0,19,108,24.0,9,212.0,150,MAJOR,37,0
2014-01-01,BLANK SPACE,TAYLOR SWIFT,1,11434,53,1355959075.0,154,123,410.0,2,81.0,96,MAJOR,9,0
2014-01-01,STYLE,TAYLOR SWIFT,1,7830,42,786181836.0,94,111,151.0,4,82.0,95,MAJOR,0,0
2023-05-19,TQM,FUERZA REGIDA,1,584,28,176553476.0,16,159,15.0,6,100.0,125,MINOR,27,0
2023-02-10,EL AZUL,"JUNIOR H, PESO PLUMA",2,692,25,354495408.0,10,107,6.0,3,62.0,144,MINOR,23,0
2018-10-09,SUNFLOWER - SPIDER-MAN: INTO THE SPIDER-VERSE,"POST MALONE, SWAE LEE",2,24094,78,2808096550.0,372,117,843.0,4,69.0,90,MAJOR,54,0
2022-08-26,I'M GOOD (BLUE),"BEBE REXHA, DAVID GUETTA",2,12482,80,1109433169.0,291,184,537.0,45,727.0,128,MINOR,4,0
2017-07-21,SEE YOU AGAIN,"TYLER, THE CREATOR, KALI UCHIS",3,13387,64,1047101291.0,77,58,247.0,1,311.0,79,MAJOR,37,0
2023-06-23,BARBIE WORLD (WITH AQUA) [FROM BARBIE THE ALBUM],"NICKI MINAJ, AQUA, ICE SPICE",3,1117,80,65156199.0,82,145,65.0,16,1.133,144,MAJOR,52,0
2020-11-27,ANGELS LIKE YOU,MILEY CYRUS,1,3372,19,570515054.0,65,48,138.0,1,102.0,122,MAJOR,10,0
2022-05-13,I AIN'T WORRIED,ONEREPUBLIC,1,8431,76,1085685420.0,241,127,458.0,37,332.0,140,MAJOR,11,0
2016-11-24,DIE FOR YOU,THE WEEKND,1,2483,59,1647990401.0,68,21,24.0,0,259.0,134,MINOR,9,0
2016-09-21,STARBOY,"THE WEEKND, DAFT PUNK",2,29536,79,2565529693.0,281,137,2.445,1,140.0,186,MAJOR,16,0
2023-02-24,DIE FOR YOU - REMIX,"ARIANA GRANDE, THE WEEKND",2,3408,47,518745108.0,87,86,74.0,1,16.0,67,MINOR,23,0
2023-06-02,EL CIELO,"FEID, MYKE TOWERS, SKY ROMPIENDO",3,1298,38,107753850.0,44,64,57.0,10,110.0,106,MINOR,7,0
2023-04-06,BABY DON'T HURT ME,"DAVID GUETTA, ANNE-MARIE, COI LERAY",3,4277,66,177740666.0,145,111,213.0,11,810.0,128,MAJOR,0,0
2023-02-24,AMARGURA,KAROL G,1,1133,39,153372011.0,14,71,23.0,10,176.0,107,MINOR,18,0
2023-06-15,(IT GOES LIKE) NANANA - EDIT,PEGGY GOU,1,2259,59,57876440.0,0,0,109.0,17,0.0,130,MINOR,12,19
2012-10-15,ANOTHER LOVE,TOM ODELL,1,18371,83,1813673666.0,250,122,3.394,19,0.0,123,MINOR,70,0
2019-11-29,BLINDING LIGHTS,THE WEEKND,1,43899,69,3703895074.0,672,199,3.421,20,0.0,171,MAJOR,0,0
2023-02-24,MOONLIGHT,KALI UCHIS,1,2649,42,256483385.0,67,79,57.0,1,615.0,137,MINOR,51,0
2022-05-26,LA BACHATA,MANUEL TURIZO,1,6804,45,1214083358.0,139,111,161.0,15,210.0,125,MINOR,58,0
2023-07-14,S91,KAROL G,1,525,41,16011326.0,34,115,39.0,6,216.0,128,MINOR,59,0
2020-07-24,CARDIGAN,TAYLOR SWIFT,1,7923,29,812019557.0,106,112,142.0,4,215.0,130,MINOR,55,0
2023-05-04,TÏ¿½Ï¿,"DENNIS, MC KEVIN O CHRIS",2,731,15,111947664.0,27,17,73.0,4,167.0,130,MAJOR,50,1
2023-02-03,BOY'S A LIAR PT. 2,"PINKPANTHERESS, ICE SPICE",2,5184,41,156338624.0,154,84,102.0,14,37.0,133,MAJOR,25,0
2022-06-24,LEFT AND RIGHT (FEAT. JUNG KOOK OF BTS),"CHARLIE PUTH, BTS, JUNG KOOK",3,3107,39,720434240.0,38,0,4.0,0,0.0,101,MAJOR,62,0
2023-03-24,BESO,"RAUW ALEJANDRO, ROSALÏ¿½",2,4053,50,357925728.0,82,121,182.0,12,171.0,95,MINOR,74,0
2022-10-06,HEY MOR,"OZUNA, FEID",2,4637,38,674072710.0,63,79,89.0,11,16.0,98,MINOR,0,0
1999-01-01,YELLOW,CHRIS MOLITOR,1,31358,43,1755214421.0,196,2,4.053,5,0.0,173,MAJOR,0,0
2022-10-21,KARMA,TAYLOR SWIFT,1,3818,23,404562836.0,37,55,32.0,0,272.0,90,MAJOR,7,0
2022-12-02,PEOPLE,LIBIANCA,1,3506,56,373199958.0,105,64,169.0,8,529.0,198,MINOR,55,0
2023-07-14,OVERDRIVE,POST MALONE,1,410,36,14780425.0,36,32,31.0,1,26.0,140,MAJOR,0,0
2023-07-07,ENCHANTED (TAYLOR'S VERSION),TAYLOR SWIFT,1,148,24,39578178.0,32,93,8.0,2,5.0,82,MAJOR,1,0
2023-06-23,BABY HELLO,"RAUW ALEJANDRO, BIZARRAP",2,1004,35,54266102.0,42,80,58.0,3,169.0,130,MINOR,17,0
2020-06-28,HEAT WAVES,GLASS ANIMALS,1,22543,63,2557975762.0,386,144,707.0,28,0.0,81,MAJOR,44,0
2022-07-15,GOLDEN HOUR,JVKE,1,4511,36,751134527.0,70,58,109.0,18,230.0,94,MINOR,65,18
2012-05-14,SWEATER WEATHER,THE NEIGHBOURHOOD,1,16413,61,2282771485.0,166,87,1.056,1,0.0,124,MAJOR,5,2
2022-07-06,"QUEVEDO: BZRP MUSIC SESSIONS, VOL. 52","BIZARRAP, QUEVEDO",2,8506,45,1356565093.0,94,65,164.0,14,176.0,128,MAJOR,1,3
2008-01-01,VIVA LA VIDA,COLDPLAY,1,33898,62,1592909789.0,233,0,4.095,9,0.0,138,MINOR,9,0
2022-07-17,HERE WITH ME,D4VD,1,3246,23,635412045.0,94,85,68.0,1,84.0,132,MAJOR,50,0
2022-09-22,UNHOLY (FEAT. KIM PETRAS),"SAM SMITH, KIM PETRAS",2,8576,42,1230675890.0,216,108,331.0,26,154.0,131,MAJOR,1,0
2022-12-20,YANDEL 150,"YANDEL, FEID",2,3618,38,585695368.0,47,74,80.0,14,194.0,168,MINOR,5,0
2023-06-22,CORAZÏ¿½Ï¿½N VA,MARIA BECERRA,1,370,20,43857627.0,12,16,18.0,4,93.0,98,MAJOR,33,0
1975-01-01,RIPTIDE,VANCE JOY,1,31123,55,2009094673.0,300,65,1.003,1,0.0,102,MAJOR,43,0
2022-04-22,UNTIL I FOUND YOU (WITH EM BEIHOLD) - EM BEIHOLD VERSION,"EM BEIHOLD, STEPHEN SANCHEZ",2,2790,30,600976848.0,60,96,71.0,0,115.0,101,MAJOR,78,0
2023-06-23,NOVIDADE NA Ï¿½Ï¿,"MC LIVINHO, DJ MATT D",2,267,9,39709092.0,9,6,25.0,2,72.0,130,MAJOR,76,0
2023-07-07,BACK TO DECEMBER (TAYLOR'S VERSION),TAYLOR SWIFT,1,139,17,39228929.0,16,72,5.0,0,8.0,142,MAJOR,1,0
2021-07-09,STAY (WITH JUSTIN BIEBER),"JUSTIN BIEBER, THE KID LAROI",2,17050,36,2665343922.0,492,99,798.0,31,0.0,170,MAJOR,4,0
2023-03-03,EL MERENGUE,"MARSHMELLO, MANUEL TURIZO",2,2114,44,223633238.0,80,75,110.0,11,323.0,124,MINOR,3,1
2018-11-08,SOMEONE YOU LOVED,LEWIS CAPALDI,1,17836,53,2887241814.0,440,125,1.8,0,0.0,110,MAJOR,75,0
2022-05-06,ME PORTO BONITO,"CHENCHO CORLEONE, BAD BUNNY",2,8870,43,1440757818.0,104,120,141.0,26,49.0,92,MINOR,9,0
2015-06-22,MAKEBA,JAIN,1,6060,53,165484133.0,150,148,2.703,22,1.451,116,MAJOR,39,51
2012-06-20,MONTAGEM - FR PUNK,"AYPARIA, UNXBECTED",2,641,50,58054811.0,1,52,8.0,0,1.17,129,MAJOR,70,8
2023-03-24,FAST CAR,LUKE COMBS,1,1446,12,157058870.0,57,97,35.0,0,429.0,98,MAJOR,19,0
2023-03-17,WHAT IT IS (SOLO VERSION),DOECHII,1,804,25,95131998.0,29,76,24.0,0,162.0,172,MINOR,6,0
2023-03-17,COCO CHANEL,"BAD BUNNY, ELADIO CARRION",2,1962,38,250305248.0,28,89,29.0,5,82.0,150,MAJOR,4,0
2017-11-08,DONÏ¿½Ï¿½Ï¿½T BL,TAYLOR SWIFT,1,4875,23,685032533.0,19,45,0.0,0,10.0,136,MINOR,11,0
2020-06-05,STILL WITH YOU,JUNG KOOK,1,31,39,38411956.0,2,107,8.0,0,0.0,88,MINOR,9,0
2023-05-12,ALL MY LIFE (FEAT. J. COLE),"J. COLE, LIL DURK",2,2175,23,144565150.0,69,145,69.0,2,478.0,143,MAJOR,15,0
2023-03-17,SAY YES TO HEAVEN,LANA DEL REY,1,2000,46,127567540.0,49,105,63.0,1,0.0,100,MINOR,71,9
2022-12-09,SNOOZE,SZA,1,2839,25,399686758.0,58,156,42.0,1,236.0,143,MAJOR,14,0
2011-01-01,SUMMERTIME SADNESS,LANA DEL REY,1,20333,52,983637508.0,89,143,1.632,3,200.0,112,MINOR,7,0
2023-06-09,TAKE TWO,BTS,1,674,47,118482347.0,20,106,25.0,4,78.0,93,MAJOR,3,0
2012-01-01,LOVER,TAYLOR SWIFT,1,8448,23,882831184.0,160,110,163.0,0,5.0,206,MAJOR,50,0
2022-12-02,TOO MANY NIGHTS (FEAT. DON TOLIVER & WITH FUTURE),"FUTURE, METRO BOOMIN, DON TOLIVER",3,2110,58,286400165.0,17,119,19.0,2,266.0,88,MINOR,15,0
2023-04-14,CHEMICAL,POST MALONE,1,2528,39,172825906.0,56,91,59.0,3,486.0,170,MAJOR,0,0
2004-01-01,MOCKINGBIRD,EMINEM,1,12985,61,1241559043.0,49,98,2.394,5,204.0,84,MINOR,21,0
2023-07-07,NEW JEANS,NEWJEANS,1,77,35,29562220.0,8,166,4.0,4,34.0,134,MINOR,51,0
2022-04-20,PRIMERA CITA,CARIN LEON,1,266,27,77309611.0,6,40,6.0,6,202.0,158,MAJOR,61,0
2017-11-10,COLD HEART - PNAU REMIX,"DUA LIPA, ELTON JOHN, PNAU",3,21097,52,1605224506.0,384,135,1.034,37,312.0,116,MAJOR,4,0
2017-04-28,DANDELIONS,RUTH B.,1,3423,21,1116995633.0,41,100,59.0,1,32.0,117,MAJOR,2,0
2021-03-11,BONES,IMAGINE DRAGONS,1,4198,44,838079900.0,98,108,327.0,17,153.0,114,MINOR,2,0
2011-01-01,SET FIRE TO THE RAIN,ADELE,1,14739,43,1163620694.0,88,112,2.163,5,519.0,108,MINOR,0,0
2012-01-01,MONEY TREES,"KENDRICK LAMAR, JAY ROCK",2,26792,32,1093605526.0,69,113,695.0,0,458.0,144,MINOR,7,0
2022-12-02,TAK SEGAMPANG ITU,ANGGI MARITO,1,213,6,179659294.0,7,6,0.0,0,48.0,130,MAJOR,76,0
2023-06-22,LAGUNAS,"JASIEL NUÏ¿½Ï¿½EZ, PESO P",2,58,18,39058561.0,2,106,4.0,2,184.0,116,MAJOR,33,1
2023-07-07,MINE (TAYLOR'S VERSION),TAYLOR SWIFT,1,99,15,36912123.0,21,52,6.0,1,0.0,121,MAJOR,0,0
1985-02-17,EVERYBODY WANTS TO RULE THE WORLD,TEARS FOR FEARS,1,41751,25,1205951614.0,101,32,2.655,0,666.0,112,MAJOR,36,0
2014-12-09,NO ROLE MODELZ,J. COLE,1,21164,36,1791000570.0,80,65,476.0,0,14.0,100,MINOR,30,0
2023-02-25,TATTOO,LOREEN,1,2988,59,201660859.0,74,102,145.0,18,925.0,150,MINOR,24,0
2023-02-08,RARA VEZ,"TAIU, MILO J",2,893,38,248088961.0,19,23,24.0,3,88.0,120,MINOR,18,0
2023-05-12,VAGABUNDO,"SEBASTIAN YATRA, MANUEL TURIZO, BEÏ¿½Ï",3,1094,34,90839753.0,40,58,47.0,8,203.0,127,MINOR,4,0
2020-07-24,AUGUST,TAYLOR SWIFT,1,7324,22,607123776.0,25,81,61.0,1,44.0,90,MAJOR,53,0
2023-06-22,LUNA,"JUNIOR H, PESO PLUMA",2,201,11,55842345.0,19,117,8.0,1,74.0,128,MINOR,33,0
2023-03-10,MIRACLE (WITH ELLIE GOULDING),"CALVIN HARRIS, ELLIE GOULDING",2,5120,48,211050784.0,161,115,246.0,9,638.0,143,MAJOR,4,4
2022-07-15,NONSENSE,SABRINA CARPENTER,1,2346,27,342897938.0,69,12,38.0,8,64.0,139,MAJOR,3,0
2022-12-09,QUE VUELVAS,"CARIN LEON, GRUPO FRONTERA",2,763,26,2762.0,21,110,21.0,9,71.0,162,MAJOR,19,0
2021-06-11,POR LAS NOCHES,PESO PLUMA,1,457,24,330346424.0,8,116,4.0,3,2.0,92,MAJOR,31,0
2022-08-19,FELIZ CUMPLEAÏ¿½Ï¿½OS FE,FEID,1,3430,38,601863821.0,45,69,52.0,4,3.0,95,MAJOR,10,0
2011-08-16,CAN'T HOLD US (FEAT. RAY DALTON),"RAY DALTON, RYAN LEWIS, MACKLEMORE",3,6074,52,1953533826.0,201,44,6.551,2,0.0,146,MAJOR,3,0
2019-11-17,WATERMELON SUGAR,HARRY STYLES,1,21915,34,2322580122.0,437,115,1.212,12,0.0,95,MAJOR,12,0
2017-08-11,LOVELY - BONUS TRACK,"BILLIE EILISH, KHALID",2,15032,30,2355719893.0,221,96,1.078,2,136.0,115,MINOR,93,0
2023-06-21,"RAUW ALEJANDRO: BZRP MUSIC SESSIONS, VOL. 56","RAUW ALEJANDRO, BIZARRAP",2,871,32,66902503.0,25,59,32.0,5,88.0,128,MAJOR,10,0
2023-05-15,QUEENCARD,(G)I-DLE,1,451,33,96273746.0,10,126,7.0,0,148.0,130,MINOR,3,0
2023-01-02,OMG,NEWJEANS,1,1783,27,430977451.0,26,124,15.0,1,22.0,127,MINOR,36,0
2011-01-01,RADIO,LANA DEL REY,1,9389,46,284819874.0,24,122,282.0,3,368.0,150,MAJOR,21,0
2023-01-11,"SHAKIRA: BZRP MUSIC SESSIONS, VOL. 53","SHAKIRA, BIZARRAP",2,5724,44,721975598.0,119,108,254.0,29,22.0,122,MINOR,27,0
2007-04-20,505,ARCTIC MONKEYS,1,13985,25,1217120710.0,30,80,588.0,1,1.0,140,MAJOR,0,0
2023-06-02,"CALLING (SPIDER-MAN: ACROSS THE SPIDER-VERSE) (METRO BOOMIN & SWAE LEE, NAV, FEAT. A BOOGIE WIT DA HOODIE)","SWAE LEE, A BOOGIE WIT DA HOODIE, METRO BOOMIN, NAV",4,1051,16,109276132.0,31,37,31.0,0,189.0,140,MAJOR,46,0
2022-12-02,TRANCE (WITH TRAVIS SCOTT & YOUNG THUG),"TRAVIS SCOTT, YOUNG THUG, METRO BOOMIN",3,1682,46,276259178.0,24,90,30.0,1,176.0,119,MINOR,18,0
2023-05-22,"TERE VAASTE (FROM ""ZARA HATKE ZARA BACHKE"")","SACHIN-JIGAR, SHADAB FARIDI, ALTAMASH FARIDI, AMITABH BHATTACHARYA, VARUN JAIN",5,182,8,54225632.0,3,88,1.0,0,52.0,110,MINOR,32,0
2017-01-01,PERFECT,ED SHEERAN,1,16596,13,2559529074.0,7,0,2.094,0,0.0,95,MAJOR,16,0
2022-07-20,ROMANTIC HOMICIDE,D4VD,1,2335,23,681583126.0,82,55,50.0,0,9.0,132,MAJOR,45,1
2017-01-31,BELIEVER,IMAGINE DRAGONS,1,18986,23,2594040133.0,250,121,2.969,10,31.0,125,MINOR,4,0
2023-05-19,NOVO BALANÏ¿½,"VEIGH, BVGA BEATZ, SUPERNOVA ENT, PROD MALAX",4,283,7,81102253.0,6,9,26.0,1,66.0,124,MINOR,67,0
2023-06-01,"GOL BOLINHA, GOL QUADRADO 2","MC PEDRINHO, DJ 900",2,293,8,11956641.0,5,2,30.0,2,66.0,133,MINOR,42,0
2002-01-01,WITHOUT ME,EMINEM,1,21081,43,1687664027.0,98,76,3.889,5,0.0,112,MAJOR,0,0
2023-07-13,QUEMA,"SOG, RYAN CASTRO, PESO PLUMA",3,437,31,11599388.0,17,29,26.0,3,208.0,97,MAJOR,5,0
2016-11-24,STARGIRL INTERLUDE,"THE WEEKND, LANA DEL REY",2,1275,32,611700552.0,13,8,5.0,0,1.0,90,MINOR,38,5
2022-05-06,OJITOS LINDOS,"BOMBA ESTÏ¿½Ï¿½REO, BAD B",2,6135,38,1133865788.0,71,113,99.0,13,28.0,80,MINOR,8,0
2004-01-01,SOMEWHERE ONLY WE KNOW,KEANE,1,20015,16,1089402494.0,107,69,5.239,0,558.0,172,MAJOR,6,0
2019-05-10,THOSE EYES,NEW WEST,1,1507,14,411747614.0,24,71,44.0,1,195.0,120,MAJOR,73,0
2023-01-27,EL GORDO TRAE EL MANDO,CHINO PACAS,1,539,21,255932395.0,7,71,4.0,2,13.0,140,MINOR,18,0
2023-06-30,MI BELLO ANGEL,NATANAEL CANO,1,86,8,31873544.0,7,76,3.0,1,93.0,128,MINOR,1,0
2023-05-26,BYE,PESO PLUMA,1,324,14,95053634.0,13,110,8.0,2,60.0,122,MAJOR,57,0
2010-01-01,DANZA KUDURO,"DON OMAR, LUCENZO",2,17138,37,1279434863.0,119,81,974.0,1,503.0,130,MAJOR,8,0
2023-02-02,NOSSO QUADRO,"ANA CASTELA, AGROPLAY",2,894,9,233801632.0,14,88,66.0,3,72.0,160,MAJOR,33,0
2012-12-05,LOCKED OUT OF HEAVEN,BRUNO MARS,1,1622,9,1481349984.0,0,0,356.0,0,0.0,144,MAJOR,6,0
2023-04-04,UN FINDE | CROSSOVER #2,"BIG ONE, FMK, KE PERSONAJES",3,561,14,142095275.0,4,14,12.0,5,56.0,192,MAJOR,11,0
2022-06-17,JIMMY COOKS (FEAT. 21 SAVAGE),"DRAKE, 21 SAVAGE",2,5871,27,618885532.0,81,121,58.0,1,34.0,163,MAJOR,0,0
2013-01-01,COUNTING STARS,ONEREPUBLIC,1,29215,43,2011464183.0,179,97,3.394,11,153.0,122,MINOR,6,0
2021-03-19,GHOST,JUSTIN BIEBER,1,5866,24,1167330737.0,107,38,95.0,0,0.0,154,MAJOR,21,0
2019-10-04,UNDER THE INFLUENCE,CHRIS BROWN,1,3859,26,929964809.0,133,181,3.0,0,0.0,117,MINOR,6,0
2023-01-23,PRC,"NATANAEL CANO, PESO PLUMA",2,961,26,436027885.0,19,143,10.0,6,15.0,138,MINOR,10,0
2004-07-13,GASOLINA,DADDY YANKEE,1,6457,18,657723613.0,98,95,453.0,0,454.0,96,MAJOR,33,0
2016-04-04,ONE DANCE,"DRAKE, WIZKID, KYLA",3,43257,24,2713922350.0,433,107,3.631,0,26.0,104,MAJOR,1,0
2010-01-01,ENCHANTED,TAYLOR SWIFT,1,4564,16,621660989.0,24,101,113.0,0,40.0,164,MAJOR,8,0
2020-03-20,SAVE YOUR TEARS,THE WEEKND,1,12688,13,1591223784.0,197,115,112.0,0,200.0,118,MAJOR,2,0
2010-05-25,SURE THING,MIGUEL,1,13801,19,950906471.0,137,125,435.0,6,285.0,81,MINOR,3,0
1983-01-06,EVERY BREATH YOU TAKE - REMASTERED 2003,THE POLICE,1,22439,19,1593270737.0,211,74,929.0,0,129.0,117,MAJOR,54,0
2015-02-02,THE NIGHT WE MET,LORD HURON,1,18515,35,1410088830.0,70,82,939.0,1,162.0,174,MAJOR,97,25
2011-01-01,WE FOUND LOVE,"RIHANNA, CALVIN HARRIS",2,36843,21,1235005533.0,321,91,4.607,1,58.0,128,MAJOR,3,0
2012-12-05,WHEN I WAS YOUR MAN,BRUNO MARS,1,2420,11,1661187319.0,0,0,806.0,0,0.0,145,MAJOR,94,0
2018-05-25,LET ME DOWN SLOWLY,ALEC BENJAMIN,1,5897,19,1374581173.0,0,0,885.0,0,0.0,150,MINOR,73,0
2023-06-02,"AM I DREAMING (METRO BOOMIN & A$AP ROCKY, ROISEE)","A$AP ROCKY, METRO BOOMIN, ROISEE",3,727,16,94186466.0,17,60,28.0,1,44.0,90,MINOR,4,0
2013-01-01,DO I WANNA KNOW?,ARCTIC MONKEYS,1,33783,26,1788326445.0,133,92,2.733,1,26.0,85,MAJOR,17,0
2012-01-01,DEMONS,IMAGINE DRAGONS,1,26694,13,1840364617.0,65,82,3.425,4,13.0,180,MAJOR,20,0
2023-04-12,ÝÝÝÝÝÝÝÝÝÝÝÝ,YOASOBI,1,356,16,143573775.0,35,102,8.0,1,117.0,166,MAJOR,11,0
2016-11-25,REMINDER,THE WEEKND,1,6518,17,684675814.0,45,85,238.0,1,47.0,160,MAJOR,16,0
2014-01-01,SHAKE IT OFF,TAYLOR SWIFT,1,21335,13,1113838873.0,328,70,1.378,9,20.0,160,MAJOR,5,0
2013-01-01,WHY'D YOU ONLY CALL ME WHEN YOU'RE HIGH?,ARCTIC MONKEYS,1,23389,29,1267333350.0,54,70,1.089,2,1.0,92,MAJOR,4,0
2022-03-19,SNAP,ROSA LINN,1,3202,18,726307468.0,148,80,226.0,24,0.0,170,MAJOR,11,0
2017-01-06,SHAPE OF YOU,ED SHEERAN,1,32181,10,3562543890.0,33,0,6.808,7,0.0,96,MINOR,58,0
2014-11-17,NIGHT CHANGES,ONE DIRECTION,1,7124,18,1131090940.0,60,20,2.0,0,0.0,120,MAJOR,86,0
2023-01-13,FIN DE SEMANA,"OSCAR MAYDON, JUNIOR H",2,592,14,307370144.0,11,84,6.0,1,30.0,98,MAJOR,6,0
1992-09-21,CREEP,RADIOHEAD,1,36724,7,1271293243.0,146,72,6.807,5,80.0,92,MAJOR,1,0
2019-10-18,CAR'S OUTSIDE,JAMES ARTHUR,1,794,10,265882712.0,38,25,61.0,0,263.0,150,MAJOR,4,0
2017-03-21,APOCALYPSE,CIGARETTES AFTER SEX,1,13091,17,841749534.0,61,96,790.0,2,116.0,94,MAJOR,2,46
2023-05-19,CHEQUES,SHUBH,1,67,8,47956378.0,7,10,0.0,0,57.0,90,MINOR,26,0
2016-08-20,PINK + WHITE,FRANK OCEAN,1,21574,30,806397070.0,112,68,266.0,1,39.0,160,MAJOR,67,0
2019-08-30,CIRCLES,POST MALONE,1,19664,16,2132335812.0,391,73,633.0,3,37.0,120,MAJOR,24,0
2010-01-01,JUST THE WAY YOU ARE,BRUNO MARS,1,21106,13,1641426668.0,82,0,2.946,0,0.0,109,MAJOR,1,0
2013-09-13,TAKE ME TO CHURCH,HOZIER,1,23804,31,2135158446.0,187,99,4.623,1,0.0,129,MINOR,63,0
2022-12-16,BEBE DAME,"FUERZA REGIDA, GRUPO FRONTERA",2,849,22,367316268.0,27,129,21.0,7,111.0,157,MAJOR,30,0
2021-04-09,YOU BELONG WITH ME (TAYLORÏ¿½Ï¿½Ï¿½S VE,TAYLOR SWIFT,1,2619,12,350381515.0,47,90,1.0,0,7.0,130,MAJOR,5,0
2022-05-06,TITI ME PREGUNTÏ¿,BAD BUNNY,1,9037,42,1264310836.0,124,133,139.0,14,166.0,107,MINOR,10,0
2023-07-07,BETTER THAN REVENGE (TAYLOR'S VERSION),TAYLOR SWIFT,1,86,11,30343206.0,3,33,3.0,0,1.0,146,MINOR,0,0
2020-02-10,SHUT UP MY MOMS CALLING,HOTEL UGLY,1,1788,14,405136812.0,1,50,19.0,0,19.0,139,MINOR,32,0
1968-07-01,HAVE YOU EVER SEEN THE RAIN?,CREEDENCE CLEARWATER REVIVAL,1,15890,14,1145727611.0,71,37,653.0,0,167.0,116,MAJOR,7,0
2010-07-20,ES UN SECRETO,PLAN B,1,492,36,540654286.0,4,3,19.0,0,0.0,95,MINOR,12,0
2023-06-08,POLARIS - REMIX,"FEID, MORA, SAIKO, QUEVEDO",4,773,33,57312735.0,20,46,21.0,8,99.0,170,MINOR,15,0
2022-12-19,DITTO,NEWJEANS,1,1154,22,397582059.0,28,125,11.0,1,51.0,134,MINOR,3,0
1984-10-19,TAKE ON ME,A-HA,1,44927,17,1479115056.0,34,0,5.108,6,0.0,84,MINOR,2,0
2023-06-02,"ANNIHILATE (SPIDER-MAN: ACROSS THE SPIDER-VERSE) (METRO BOOMIN & SWAE LEE, LIL WAYNE, OFFSET)","SWAE LEE, LIL WAYNE, OFFSET, METRO BOOMIN",4,551,4,86773632.0,13,46,20.0,1,10.0,146,MINOR,21,0
2023-05-01,"ANGEL PT 1 (FEAT. JIMIN OF BTS, JVKE & MUNI LONG)","KODAK BLACK, NLE CHOPPA, MUNI LONG, JVKE, JIMIN",5,577,14,133753727.0,22,18,15.0,1,0.0,74,MINOR,11,0
2023-05-11,ACRÏ¿½Ï¿½S,SHAKIRA,1,955,29,123124076.0,37,50,79.0,11,31.0,144,MAJOR,84,0
2022-11-24,AMG,"NATANAEL CANO, GABITO BALLESTEROS, PESO PLUMA",3,995,19,463564958.0,12,117,9.0,5,3.0,136,MINOR,15,0
2023-05-15,"PHIR AUR KYA CHAHIYE (FROM ""ZARA HATKE ZARA BACHKE"")","ARIJIT SINGH, SACHIN-JIGAR, AMITABHA BHATTACHARYA",3,178,6,64533040.0,6,71,1.0,0,31.0,100,MAJOR,53,0
2023-06-02,S-CLASS,STRAY KIDS,1,290,19,65496046.0,9,101,5.0,0,73.0,105,MINOR,9,0
2023-05-26,HITS DIFFERENT,TAYLOR SWIFT,1,547,0,68616963.0,15,15,6.0,0,0.0,106,MAJOR,15,0
2023-03-30,CHANEL,"BECKY G, PESO PLUMA",2,681,10,161460990.0,15,92,21.0,2,26.0,132,MAJOR,40,0
2023-06-02,SELF LOVE (SPIDER-MAN: ACROSS THE SPIDER-VERSE) (METRO BOOMIN & COI LERAY),"METRO BOOMIN, COI LERAY",2,332,5,70106975.0,18,41,5.0,0,19.0,120,MAJOR,21,0
2023-03-17,AREA CODES,"KALIII, KALIII",2,1197,13,113509496.0,44,34,25.0,1,171.0,155,MAJOR,2,0
2023-05-13,ABCDARIO,"JUNIOR H, EDEN MUÏ¿½Ï",2,262,5,89933133.0,8,60,4.0,1,109.0,129,MAJOR,78,0
2022-09-29,OBSESSED,"ABHIJAY SHARMA, RIAR SAAB",2,161,6,71007139.0,10,79,2.0,0,42.0,135,MINOR,62,0
2023-06-02,PIÏ¿½Ï¿½MAN DEÏ¿,"SEMICENK, DOÏ¿½Ï¿½U",2,185,3,43522589.0,5,6,4.0,1,33.0,98,MINOR,28,0
2023-03-31,FLOWER,JISOO,1,839,18,232896922.0,20,110,20.0,0,69.0,124,MINOR,3,0
2023-06-02,"ALL THE WAY LIVE (SPIDER-MAN: ACROSS THE SPIDER-VERSE) (METRO BOOMIN & FUTURE, LIL UZI VERT)","FUTURE, LIL UZI VERT, METRO BOOMIN",3,259,0,37126685.0,5,17,5.0,0,0.0,135,MINOR,18,0
2023-03-23,EYES CLOSED,ED SHEERAN,1,2915,30,195576623.0,116,69,107.0,3,675.0,107,MAJOR,30,0
2022-10-12,ESCAPISM.,"RAYE, 070 SHAKE",2,5129,25,532336353.0,116,84,114.0,18,348.0,96,MAJOR,14,0
2022-11-30,LA JUMPA,"ARCANGEL, BAD BUNNY",2,3794,34,538115192.0,47,77,53.0,10,8.0,123,MAJOR,30,0
2023-05-26,KARMA (FEAT. ICE SPICE),"TAYLOR SWIFT, ICE SPICE",2,588,0,46142772.0,23,21,31.0,0,0.0,90,MAJOR,6,0
2022-12-02,SUPERHERO (HEROES & VILLAINS) [WITH FUTURE & CHRIS BROWN],"FUTURE, CHRIS BROWN, METRO BOOMIN",3,2959,16,401036314.0,41,69,38.0,0,36.0,117,MINOR,14,0
2023-04-04,LAS MORRAS,"BLESSD, PESO PLUMA",2,291,8,127026613.0,8,78,4.0,1,1.0,133,MINOR,31,0
2022-12-02,CHORRITO PA LAS ANIMAS,FEID,1,2321,36,345031710.0,29,65,34.0,5,3.0,96,MINOR,11,0
2022-12-01,CH Y LA PIZZA,"FUERZA REGIDA, NATANAEL CANO",2,536,10,288101651.0,10,72,8.0,3,14.0,149,MAJOR,40,0
2023-05-26,SNOW ON THE BEACH (FEAT. MORE LANA DEL REY),"LANA DEL REY, TAYLOR SWIFT",2,359,2,60350538.0,1,0,9.0,0,0.0,110,MINOR,81,0
2022-11-30,PLAYERS,COI LERAY,1,4096,6,335074782.0,118,48,143.0,0,240.0,105,MAJOR,3,0
2023-05-22,BITE ME,ENHYPEN,1,349,69,76767396.0,8,96,5.0,0,56.0,105,MAJOR,28,0
2023-05-26,STAND BY ME (FEAT. MORGAN WALLEN),"LIL DURK, MORGAN WALLEN",2,381,5,46065667.0,23,82,6.0,0,113.0,134,MAJOR,6,0
2022-07-08,NORMAL,FEID,1,2461,36,459276435.0,47,66,45.0,5,6.0,170,MINOR,4,0
2023-06-02,HUMMINGBIRD (METRO BOOMIN & JAMES BLAKE),"JAMES BLAKE, METRO BOOMIN",2,277,1,39666245.0,1,20,5.0,0,1.0,81,MAJOR,46,1
2023-03-01,SEU BRILHO SUMIU - AO VIVO,"ISRAEL & RODOLFFO, MARI FERNANDEZ",2,967,5,138517666.0,7,29,51.0,1,29.0,154,MAJOR,31,0
2022-06-29,BAD HABIT,STEVE LACY,1,8186,12,822633917.0,155,72,131.0,16,29.0,169,MAJOR,63,0
2022-07-29,CUFF IT,BEYONCÏ¿,1,7842,10,595900742.0,215,88,330.0,26,23.0,115,MAJOR,4,0
2023-06-05,LILITH (FEAT. SUGA OF BTS) (DIABLO IV ANTHEM),"HALSEY, SUGA",2,215,6,51985779.0,6,14,8.0,2,4.0,84,MINOR,1,0
2023-05-18,69,"NICKY JAM, FEID",2,1134,22,57945987.0,39,14,48.0,2,3.0,93,MAJOR,11,0
2023-04-21,NIÏ¿½Ï¿½A BO,"SEAN PAUL, FEID",2,1305,34,115010040.0,29,26,43.0,5,44.0,91,MAJOR,10,0
2023-04-07,SEARCH & RESCUE,DRAKE,1,2066,6,175097833.0,58,70,43.0,0,182.0,142,MINOR,6,0
2023-05-19,AMERICA HAS A PROBLEM (FEAT. KENDRICK LAMAR),"KENDRICK LAMAR, BEYONCÏ¿",2,896,0,57089066.0,34,2,33.0,0,1.0,126,MAJOR,1,0
2022-10-21,LAVENDER HAZE,TAYLOR SWIFT,1,3763,8,488386797.0,51,43,38.0,10,1.0,97,MAJOR,26,0
2023-06-02,"LINK UP (METRO BOOMIN & DON TOLIVER, WIZKID FEAT. BEAM & TOIAN) - SPIDER-VERSE REMIX (SPIDER-MAN: ACROSS THE SPIDER-VERSE )","WIZKID, TOIAN, METRO BOOMIN, DON TOLIVER, BEAM",5,197,0,32761689.0,3,10,3.0,0,0.0,101,MAJOR,41,51
2022-05-06,EFECTO,BAD BUNNY,1,4004,33,1047480053.0,34,65,43.0,6,2.0,98,MINOR,14,0
2023-01-27,ERRO GOSTOSO - AO VIVO,SIMONE MENDES,1,984,5,153454328.0,8,57,76.0,2,49.0,154,MAJOR,18,0
2023-02-14,CUPIDO,TINI,1,1240,24,217672943.0,51,29,63.0,4,54.0,120,MAJOR,52,0
2022-10-17,JUST WANNA ROCK,LIL UZI VERT,1,3995,13,457184829.0,72,27,47.0,0,0.0,150,MAJOR,7,0
2016-01-21,UNSTOPPABLE,SIA,1,7681,13,939844851.0,119,66,1.145,2,0.0,174,MAJOR,11,0
2021-09-01,UNTIL I FOUND YOU,STEPHEN SANCHEZ,1,4427,4,726434358.0,69,100,154.0,20,438.0,202,MAJOR,69,0
2022-11-04,RICH FLEX,"DRAKE, 21 SAVAGE",2,4657,18,573633020.0,84,84,42.0,0,23.0,153,MINOR,5,0
2021-10-14,EASY ON ME,ADELE,1,10195,20,1406111294.0,258,87,657.0,22,9.0,142,MAJOR,58,0
2023-05-11,CARTÏ¿½Ï¿½O B,"MC CAVERINHA, KAYBLACK",2,269,4,71573339.0,7,2,30.0,1,11.0,108,MINOR,26,0
2023-06-02,DANGER (SPIDER) (OFFSET & JID),"OFFSET, JID",2,214,0,24975653.0,3,3,6.0,0,0.0,143,MAJOR,4,0
2023-02-14,OI BALDE - AO VIVO,ZÏ¿½Ï¿½ NETO & CRIST,1,845,2,145458418.0,12,57,47.0,1,33.0,108,MAJOR,60,0
2000-01-01,THE REAL SLIM SHADY,EMINEM,1,20763,27,1424589568.0,81,53,3.271,1,17.0,104,MINOR,3,0
2022-12-16,MERCHO,"MIGRANTES, LIL CAKE, NICO VALDI",3,1267,20,231332117.0,41,22,56.0,4,84.0,93,MINOR,43,0
2021-12-10,THE COLOR VIOLET,TORY LANEZ,1,2585,32,415932686.0,3,79,21.0,1,54.0,105,MINOR,16,0
2022-06-10,GLIMPSE OF US,JOJI,1,6330,6,988515741.0,109,42,158.0,3,31.0,170,MAJOR,89,0
2023-05-04,MEJOR QUE YO,"MAMBO KINGZ, DJ LUIAN, ANUEL AA",3,675,1,50847624.0,9,13,11.0,0,1.0,178,MINOR,18,0
2023-05-05,CURTAINS,ED SHEERAN,1,715,0,39893489.0,37,3,27.0,0,50.0,176,MINOR,10,0
2023-05-01,UNFORGIVEN (FEAT. NILE RODGERS),"NILE RODGERS, LE SSERAFIM",2,327,13,92035115.0,14,110,9.0,0,49.0,104,MINOR,11,0
2023-04-21,HAEGEUM,AGUST D,1,244,12,118810253.0,6,84,10.0,2,9.0,85,MAJOR,31,0
2023-04-30,CONEXÏ¿½Ï¿½ES DE MÏ¿½Ï¿½FIA (FEAT. RICH,"RICH THE KID, MATUÏ¿",2,385,4,77233241.0,17,7,41.0,1,29.0,117,MINOR,39,0
2023-02-24,MIENTRAS ME CURO DEL CORA,KAROL G,1,1020,35,206399629.0,15,26,30.0,6,0.0,80,MAJOR,86,0
2023-04-07,NEVER FELT SO ALONE,LABRINTH,1,1730,3,117747907.0,46,5,51.0,0,20.0,98,MAJOR,50,0
2023-02-02,X SI VOLVEMOS,"KAROL G, ROMEO SANTOS",2,2127,33,266624541.0,45,80,53.0,8,4.0,178,MINOR,34,0
2022-04-08,CEILINGS,LIZZY MCALPINE,1,3242,9,293186992.0,67,55,48.0,0,6.0,148,MAJOR,48,0
2023-02-24,CUPID,FIFTY FIFTY,1,526,10,139681964.0,15,93,30.0,0,320.0,120,MAJOR,65,0
2023-04-10,I AM,IVE,1,366,15,123132751.0,16,102,7.0,0,55.0,122,MINOR,1,0
1997-01-01,CUPID Ï¿½Ï¿½Ï¿½ TWIN VER. (FIFTY FIFTY) Ï¿½Ï¿½Ï¿½ SPE,SPED UP 8282,1,472,2,103762518.0,0,0,6.0,0,0.0,144,MAJOR,42,0
2023-03-04,SHORTY PARTY,"CARTEL DE SANTA, LA KELLY",2,432,12,162887075.0,8,14,12.0,2,33.0,96,MAJOR,33,0
2023-04-24,SUPER,SEVENTEEN,1,271,12,91221625.0,16,103,9.0,0,55.0,137,MAJOR,16,0
2022-04-22,SLUT ME OUT,NLE CHOPPA,1,816,4,190490915.0,21,4,13.0,0,4.0,121,MINOR,12,0
2023-04-21,DOUBLE FANTASY (WITH FUTURE),"THE WEEKND, FUTURE",2,1169,0,96180277.0,36,65,28.0,0,0.0,119,MINOR,1,0
2019-08-23,ALL OF THE GIRLS YOU LOVED BEFORE,TAYLOR SWIFT,1,1282,6,185240616.0,26,6,19.0,0,5.0,96,MAJOR,71,0
2022-04-21,PROVENZA,KAROL G,1,6587,34,885093467.0,114,104,147.0,11,20.0,111,MAJOR,66,1
2023-04-14,PRINCESS DIANA (WITH NICKI MINAJ),"NICKI MINAJ, ICE SPICE",2,1444,4,104992946.0,0,0,0.0,0,0.0,148,MAJOR,14,0
2023-02-03,DI QUE SI,"GRUPO MARCA REGISTRADA, GRUPO FRONTERA",2,356,10,147290338.0,4,64,4.0,2,37.0,182,MAJOR,8,0
2021-09-09,SHIVERS,ED SHEERAN,1,10147,30,1302184087.0,234,71,543.0,18,0.0,141,MAJOR,28,0
2022-12-30,IGUALITO A MI APÏ¿,"FUERZA REGIDA, PESO PLUMA",2,265,6,158950978.0,8,84,5.0,1,4.0,145,MINOR,19,0
2023-04-25,SHOONG! (FEAT. LISA OF BLACKPINK),"TAEYANG, LISA",2,351,9,76910644.0,16,90,10.0,0,64.0,110,MINOR,1,0
2022-08-16,KOMANG,RAIM LAODE,1,158,4,137123880.0,5,6,1.0,1,18.0,134,MAJOR,41,0
2022-07-28,DESPECHÏ¿,ROSALÏ¿½,1,7613,33,782369383.0,180,90,422.0,15,55.0,130,MAJOR,18,0
2022-10-21,MADE YOU LOOK,MEGHAN TRAINOR,1,3956,6,502574952.0,142,23,127.0,3,16.0,145,MAJOR,35,0
2023-02-05,WATCH THIS - ARIZONATEARS PLUGGNB REMIX,"SPED UP NIGHTCORE, ARIZONATEARS, LIL UZI VERT",3,1638,10,207033255.0,0,0,21.0,0,0.0,130,MINOR,1,10
2022-04-28,NO SE VA,GRUPO FRONTERA,1,924,18,404887295.0,17,80,22.0,9,38.0,173,MAJOR,12,0
2022-11-04,PUNTO G,QUEVEDO,1,1985,35,381161027.0,34,26,37.0,5,1.0,92,MINOR,25,0
2014-06-05,LOVERS ROCK,TV GIRL,1,6339,13,466231982.0,3,1,36.0,1,37.0,105,MINOR,0,1
2021-11-25,METAMORPHOSIS,INTERWORLD,1,1561,24,357580552.0,18,78,24.0,0,30.0,175,MINOR,43,90
2023-04-27,MAMI CHULA,"QUEVEDO, JHAYCO",2,875,4,61105704.0,17,13,27.0,0,43.0,120,MINOR,22,0
2022-12-24,EN PARIS,"EL CHACHITO, JUNIOR H",2,406,5,198275403.0,3,31,2.0,1,0.0,139,MINOR,37,0
2023-03-17,SET ME FREE PT.2,JIMIN,1,340,13,168448603.0,4,71,16.0,1,9.0,132,MINOR,12,0
2018-03-29,I WAS NEVER THERE,"THE WEEKND, GESAFFELSTEIN",2,4188,15,705469769.0,30,70,142.0,0,27.0,114,MAJOR,14,0
2023-05-04,DON'T EVER SAY LOVE ME (FEAT. RM OF BTS),"RM, COLDE",2,105,0,34502215.0,5,9,5.0,0,0.0,145,MINOR,36,0
2022-09-16,SHUT DOWN,BLACKPINK,1,1524,17,482175240.0,53,120,62.0,0,2.0,110,MAJOR,0,0
2022-12-22,GATO DE NOCHE,"NENGO FLOW, BAD BUNNY",2,2651,30,304118600.0,21,55,32.0,3,0.0,94,MAJOR,17,0
2018-03-29,CALL OUT MY NAME,THE WEEKND,1,11087,6,1449799467.0,151,107,801.0,1,105.0,134,MAJOR,21,0
2023-03-24,LIKE CRAZY (ENGLISH VERSION),JIMIN,1,373,19,173627354.0,4,72,5.0,0,5.0,120,MAJOR,0,0
2023-02-02,ROSA PASTEL,"JASIEL NUÏ¿½Ï¿½EZ, PESO P",2,200,4,90025258.0,8,77,2.0,1,1.0,123,MINOR,24,0
2021-12-03,SUNROOF,"NICKY YOURE, DAZY",2,3741,17,652704649.0,156,35,110.0,19,0.0,131,MAJOR,35,0
2002-01-01,LOSE YOURSELF - SOUNDTRACK VERSION,EMINEM,1,32502,21,1829992958.0,247,54,5.567,1,51.0,171,MAJOR,1,0
2002-05-26,SUPERMAN,"EMINEM, DINA RAE",2,7615,14,655466831.0,18,51,1.005,0,0.0,130,MINOR,2,0
2023-03-02,MAS RICA QUE AYER,"MAMBO KINGZ, DJ LUIAN, ANUEL AA",3,1208,34,146409671.0,10,41,20.0,0,1.0,94,MAJOR,34,0
2023-04-07,PEOPLE PT.2 (FEAT. IU),"IU, AGUST D",2,209,4,95816024.0,4,45,11.0,2,24.0,89,MINOR,39,0
2023-03-17,REMIX EXCLUSIVO,FEID,1,1235,9,117206995.0,20,8,15.0,0,6.0,87,MINOR,4,0
2023-03-22,"ARCÏ¿½Ï¿½NGEL: BZRP MUSIC SESSIONS, VOL","ARCANGEL, BIZARRAP",2,654,3,100409613.0,11,3,18.0,1,1.0,124,MINOR,55,0
2023-03-27,DOGTOOTH,"TYLER, THE CREATOR",2,1479,0,80758350.0,23,0,18.0,0,33.0,78,MAJOR,51,0
2022-11-01,10:35,"TIÏ¿½Ï¿½STO, TATE M",2,4942,26,325592432.0,190,104,147.0,18,63.0,120,MAJOR,7,0
2023-03-31,SORRY NOT SORRY,"TYLER, THE CREATOR",2,709,0,58473276.0,8,1,13.0,0,0.0,96,MINOR,40,0
2023-03-25,HAPPY,NF,1,660,0,52722996.0,22,7,11.0,0,78.0,106,MAJOR,31,0
2021-12-24,LA BEBE,YNG LVCAS,1,489,17,191945597.0,4,11,5.0,1,2.0,170,MINOR,62,0
2023-03-24,I KNOW - PR1SVX EDIT,"KANII, PR1ISVX",2,407,0,77377503.0,16,15,5.0,0,1.0,134,MINOR,8,47
2022-05-20,LATE NIGHT TALKING,HARRY STYLES,1,7461,8,743693613.0,166,42,199.0,16,58.0,115,MAJOR,30,0
2022-12-09,LEÏ¿½,MARÏ¿½Ï¿½LIA MENDO,1,993,4,267789608.0,30,84,88.0,1,28.0,130,MAJOR,45,0
2020-03-20,SAVE YOUR TEARS (WITH ARIANA GRANDE) (REMIX),"ARIANA GRANDE, THE WEEKND",2,9161,5,1221813483.0,240,98,468.0,3,10.0,118,MAJOR,3,0
2022-04-22,SOMETHING IN THE ORANGE,ZACH BRYAN,1,3282,12,449701773.0,67,84,46.0,16,117.0,110,MAJOR,42,0
2023-03-29,VOID,MELANIE MARTINEZ,1,596,0,67070410.0,29,9,12.0,0,52.0,100,MAJOR,18,4
2023-03-14,DIJERON QUE NO LA IBA LOGRAR,"FUERZA REGIDA, CHINO PACAS",2,320,6,116334601.0,5,48,2.0,1,9.0,142,MINOR,26,0
2022-10-21,MIDNIGHT RAIN,TAYLOR SWIFT,1,2612,4,433356509.0,19,29,21.0,0,0.0,140,MAJOR,72,0
2023-02-10,IF WE EVER BROKE UP,MAE STEPHENS,1,2040,4,165584767.0,81,27,66.0,9,444.0,116,MAJOR,62,0
2022-05-13,YOU PROOF,MORGAN WALLEN,1,2128,9,367814306.0,37,88,9.0,0,14.0,120,MAJOR,25,0
2022-04-01,LA INOCENTE,"FEID, MORA",2,2598,37,477033549.0,28,57,43.0,8,85.0,92,MINOR,31,0
2022-10-26,MALAS DECISIONES,KENIA OS,1,542,2,156214700.0,23,2,21.0,0,0.0,110,MINOR,5,0
2022-01-21,MURDER IN MY MIND,KORDHELL,1,2459,20,448843705.0,20,68,50.0,0,22.0,120,MAJOR,1,0
1995-07-11,GANGSTA'S PARADISE,"COOLIO, L.V.",2,10624,17,1357608774.0,21,0,386.0,0,0.0,80,MAJOR,9,0
2022-11-13,CAIRO,"KAROL G, OVY ON THE DRUMS",2,2418,26,294352144.0,52,66,55.0,1,16.0,115,MINOR,47,0
2014-11-28,I LOVE YOU SO,THE WALTERS,1,7536,7,972164968.0,44,19,135.0,0,6.0,76,MAJOR,65,0
2017-02-20,DARK RED,STEVE LACY,1,10431,7,920045682.0,71,53,181.0,0,10.0,172,MAJOR,45,0
2016-09-09,SAY YOU WON'T LET GO,JAMES ARTHUR,1,15722,16,2420461338.0,231,37,1.509,0,13.0,99,MAJOR,69,0
2015-05-27,THE HILLS,THE WEEKND,1,25744,4,1947371785.0,122,94,1.992,0,18.0,136,MINOR,9,0
2019-05-10,HEART TO HEART,MAC DEMARCO,1,1640,0,244658767.0,27,27,29.0,1,1.0,150,MINOR,67,35
2023-04-07,PEACHES (FROM THE SUPER MARIO BROS. MOVIE),JACK BLACK,1,34,0,68216992.0,0,0,0.0,0,0.0,92,MINOR,79,0
2022-12-15,MARISOLA - REMIX,"DUKI, NICKI NICOLE, CRIS MJ, STANDLY, STARS MUSIC CHILE",5,1845,16,223582566.0,20,8,30.0,2,0.0,95,MAJOR,17,0
2022-07-25,LOKERA,"BRRAY, RAUW ALEJANDRO, LYANNO",3,3301,30,471819764.0,72,64,64.0,6,3.0,102,MINOR,21,0
2022-12-09,LOW,SZA,1,1911,0,272377463.0,23,71,14.0,0,9.0,145,MINOR,43,0
2003-03-24,NUMB,LINKIN PARK,1,20111,5,1361425037.0,39,0,7.341,0,0.0,110,MAJOR,0,0
2023-02-24,TORMENTA (FEAT. BAD BUNNY),"GORILLAZ, BAD BUNNY",2,1529,0,149778242.0,32,18,39.0,2,0.0,95,MAJOR,46,0
2023-03-03,ON THE STREET (WITH J. COLE),"J-HOPE, J. COLE",2,615,2,116599790.0,22,82,8.0,0,9.0,94,MINOR,53,0
2022-12-02,ONE THING AT A TIME,MORGAN WALLEN,1,811,4,148469433.0,11,58,5.0,0,21.0,142,MAJOR,0,0
2022-08-05,MISS YOU,"ROBIN SCHULZ, OLIVER TREE",2,5730,10,497225336.0,108,16,197.0,3,165.0,145,MINOR,1,0
2023-03-03,AINÏ¿½Ï¿½Ï¿½T THA,MORGAN WALLEN,1,356,4,88791109.0,4,20,0.0,0,0.0,121,MINOR,0,0
2023-03-03,THINKINÏ¿½Ï¿½Ï¿½ B,MORGAN WALLEN,1,604,6,125917280.0,22,101,0.0,0,66.0,140,MINOR,49,0
2023-02-23,PRIVATE LANDING (FEAT. JUSTIN BIEBER & FUTURE),"DON TOLIVER, FUTURE, JUSTIN BIEBER",3,1190,0,105062254.0,29,3,18.0,0,19.0,137,MINOR,8,0
2023-01-31,EVERYTHING I LOVE,MORGAN WALLEN,1,579,0,95623148.0,11,54,0.0,0,103.0,104,MAJOR,0,0
2023-02-17,HEAVEN,NIALL HORAN,1,1553,2,144584800.0,61,6,48.0,0,150.0,92,MAJOR,7,0
2022-12-15,LET GO,CENTRAL CEE,1,2301,20,298063749.0,49,23,110.0,0,8.0,146,MINOR,86,0
2023-01-23,SIAL,MAHALINI,1,134,4,166570053.0,4,6,0.0,0,23.0,120,MAJOR,89,0
2023-01-31,I WROTE THE BOOK,MORGAN WALLEN,1,430,0,83021468.0,15,17,0.0,0,0.0,144,MAJOR,9,0
2022-11-05,"APNA BANA LE (FROM ""BHEDIYA"")","ARIJIT SINGH, SACHIN-JIGAR",2,86,0,139836056.0,11,101,0.0,0,48.0,94,MAJOR,80,0
2022-10-31,SPIT IN MY FACE!,THXSOMCH,1,629,14,303216294.0,32,3,9.0,0,0.0,94,MAJOR,5,2
2022-12-15,PLAYA DEL INGLÏ¿½,"MYKE TOWERS, QUEVEDO",2,1701,15,221409663.0,30,15,34.0,2,47.0,113,MINOR,8,0
2023-03-03,MAN MADE A BAR (FEAT. ERIC CHURCH),"MORGAN WALLEN, ERIC CHURCH",2,329,0,58890931.0,14,35,1.0,0,0.0,148,MAJOR,12,0
2023-03-03,RED RUBY DA SLEEZE,NICKI MINAJ,1,1168,0,81419389.0,45,11,20.0,0,21.0,98,MAJOR,12,0
2022-05-31,KAHANI SUNO 2.0,KAIFI KHALIL,1,162,6,156777415.0,1,10,1.0,0,1.0,140,MAJOR,91,0
2022-12-09,NOBODY GETS ME,SZA,1,2536,6,284908316.0,59,100,58.0,13,2.0,100,MAJOR,81,0
2023-02-23,PERO TÏ¿,"KAROL G, QUEVEDO",2,387,11,93438910.0,11,15,14.0,3,1.0,140,MAJOR,39,0
2022-08-01,HYPE BOY,NEWJEANS,1,892,17,363472647.0,20,119,12.0,2,7.0,100,MINOR,27,0
2011-01-01,BLOODY MARY,LADY GAGA,1,3909,0,372476382.0,66,26,277.0,3,734.0,100,MINOR,2,0
2022-10-19,MONOTONÏ¿½,"OZUNA, SHAKIRA",2,3645,15,380726517.0,118,34,150.0,4,19.0,132,MINOR,42,0
2023-03-03,ÝÝÝ98 BRAVES,MORGAN WALLEN,1,282,0,56533272.0,6,15,0.0,0,0.0,142,MAJOR,10,0
2023-01-20,WANDA,QUEVEDO,1,888,22,175399345.0,11,24,7.0,1,7.0,176,MINOR,25,0
2022-05-06,THOUGHT YOU SHOULD KNOW,MORGAN WALLEN,1,968,4,203221468.0,16,53,1.0,0,61.0,140,MAJOR,49,0
2000-10-24,IN THE END,LINKIN PARK,1,25065,6,1624165576.0,63,0,6.808,2,0.0,105,MINOR,1,0
2022-12-08,ZONA DE PERIGO,LEO SANTANA,1,531,4,134294498.0,20,1,71.0,2,0.0,135,MAJOR,75,0
2022-07-28,LOVEZINHO,TREYCE,1,242,0,70069745.0,12,2,13.0,0,4.0,128,MINOR,30,0
2022-06-03,I LIKE YOU (A HAPPIER SONG) (WITH DOJA CAT),"POST MALONE, DOJA CAT",2,5281,14,609293408.0,94,21,80.0,15,38.0,101,MAJOR,12,0
2022-05-06,NEVERITA,BAD BUNNY,1,2590,30,671365962.0,20,64,35.0,6,0.0,122,MAJOR,7,0
2022-09-08,VISTA AL MAR,QUEVEDO,1,1769,34,362361576.0,16,19,21.0,3,4.0,105,MINOR,80,12
2022-12-23,SEM ALIANÏ¿½Ï¿½A NO,"MC XENON, OS GEMEOS DA PUTARIA",2,454,4,93587665.0,6,1,21.0,0,1.0,83,MAJOR,73,0
2021-09-03,ENEMY (WITH JID) - FROM THE SERIES ARCANE LEAGUE OF LEGENDS,"IMAGINE DRAGONS, LEAGUE OF LEGENDS, JID, ARCANE",4,6180,7,1223481149.0,122,88,580.0,21,10.0,77,MINOR,24,0
2017-08-25,REVENGE,XXXTENTACION,1,3600,11,1022258230.0,7,0,203.0,0,2.0,140,MINOR,78,0
2022-11-03,BOMBONZINHO - AO VIVO,"ISRAEL & RODOLFFO, ANA CASTELA",2,1254,6,263453310.0,26,69,73.0,2,6.0,158,MAJOR,31,0
2019-06-28,LA CANCIÏ¿½,"J BALVIN, BAD BUNNY",2,6398,31,1435127549.0,177,109,305.0,3,5.0,176,MAJOR,15,0
2022-10-20,QUÏ¿½Ï¿½ AGO,"YURIDIA, ANGELA AGUILAR",2,660,15,236857112.0,19,59,18.0,5,52.0,98,MAJOR,56,0
2023-01-27,LOVE AGAIN,THE KID LAROI,1,1283,0,147538971.0,57,4,48.0,0,0.0,107,MINOR,72,0
2020-02-19,AFTER HOURS,THE WEEKND,1,8084,6,698086140.0,45,115,218.0,1,221.0,109,MINOR,10,1
2022-07-15,ABOUT DAMN TIME,LIZZO,1,2332,2,723894473.0,0,0,25.0,0,0.0,109,MINOR,10,0
2023-03-03,BORN WITH A BEER IN MY HAND,MORGAN WALLEN,1,203,0,34450974.0,5,9,0.0,0,0.0,148,MAJOR,5,0
2020-05-20,ÝÝÝÝÝÝÝÝÝÝÝÝÝÝÝÝÝÝÝÝÝ,FUJII KAZE,1,685,14,403097450.0,24,94,9.0,0,23.0,158,MINOR,17,0
2022-09-29,BESOS MOJA2,"WISIN & YANDEL, ROSALÏ¿½",2,2460,13,309483971.0,53,7,56.0,3,1.0,94,MINOR,6,0
2022-10-12,MAAN MERI JAAN,KING,1,288,6,319566866.0,11,80,1.0,0,8.0,96,MINOR,35,0
2022-05-06,MOSCOW MULE,BAD BUNNY,1,4572,33,909001996.0,74,113,85.0,9,2.0,100,MINOR,29,0
2021-09-24,MY UNIVERSE,"COLDPLAY, BTS",2,6127,13,1061966512.0,0,0,0.0,0,0.0,105,MAJOR,1,0
2023-03-03,DEVIL DONÏ¿½Ï¿½Ï¿½,MORGAN WALLEN,1,166,0,32526947.0,2,10,0.0,0,0.0,125,MAJOR,38,0
2023-01-27,LLYLM,ROSALÏ¿½,1,1838,0,124988687.0,105,41,114.0,1,59.0,170,MINOR,13,0
2023-01-27,I'M NOT HERE TO MAKE FRIENDS,"SAM SMITH, CALVIN HARRIS, JESSIE REYEZ",3,1890,0,103787664.0,86,1,49.0,0,9.0,115,MAJOR,17,0
2023-01-27,TRUSTFALL,P!NK,1,2098,16,134255790.0,88,24,101.0,7,451.0,122,MAJOR,0,0
2022-10-17,ANTIFRAGILE,LE SSERAFIM,1,761,12,301051721.0,23,95,11.0,0,3.0,105,MINOR,8,0
2022-11-30,BOY'S A LIAR,PINKPANTHERESS,1,1225,0,156338624.0,27,0,28.0,13,0.0,133,MAJOR,25,0
2023-01-13,VIBE (FEAT. JIMIN OF BTS),"TAEYANG, JIMIN",2,415,2,152850295.0,15,40,21.0,1,15.0,100,MAJOR,7,0
2022-10-28,SHIRT,SZA,1,3469,0,309653982.0,71,95,31.0,0,2.0,120,MINOR,15,3
2022-10-28,LIFT ME UP - FROM BLACK PANTHER: WAKANDA FOREVER - MUSIC FROM AND INSPIRED BY,RIHANNA,1,3311,0,297328960.0,129,31,212.0,1,41.0,177,MAJOR,90,0
2022-09-22,STAR WALKIN' (LEAGUE OF LEGENDS WORLDS ANTHEM),LIL NAS X,1,2616,0,332506354.0,113,17,208.0,0,192.0,142,MINOR,15,0
2016-11-04,"SEX, DRUGS, ETC.",BEACH WEATHER,1,3006,16,480507035.0,47,60,87.0,12,124.0,144,MINOR,1,1
2019-04-12,BOY WITH LUV (FEAT. HALSEY),"HALSEY, BTS",2,4260,0,1065580332.0,113,92,259.0,0,1.0,120,MINOR,9,0
2016-09-27,"HEY, MICKEY!",BABY TATE,1,482,0,122763672.0,9,1,12.0,4,3.0,135,MAJOR,55,0
2022-02-09,CALM DOWN,RÏ¿½Ï,1,4013,10,445763624.0,107,44,750.0,22,0.0,107,MAJOR,38,0
2022-12-22,JHOOME JO PATHAAN,"ARIJIT SINGH, VISHAL DADLANI, SUKRITI KAKAR, VISHAL-SHEKHAR, SHEKHAR RAVJIANI, KUMAAR",6,138,4,1365184.0,13,78,2.0,0,0.0,105,MAJOR,10,0
2022-11-25,ESCAPISM. - SPED UP,"RAYE, 070 SHAKE",2,1368,0,184308753.0,12,1,11.0,0,8.0,108,MINOR,9,0
2015-01-01,SPACE SONG,BEACH HOUSE,1,17852,4,789753877.0,69,76,335.0,0,0.0,147,MINOR,22,13
2022-11-20,DREAMERS [MUSIC FROM THE FIFA WORLD CUP QATAR 2022 OFFICIAL SOUNDTRACK],"BTS, JUNG KOOK, FIFA SOUND",3,889,20,323358833.0,11,78,35.0,0,21.0,115,MAJOR,16,0
2022-04-21,TE FELICITO,"SHAKIRA, RAUW ALEJANDRO",2,4796,9,606361689.0,124,66,212.0,13,1.0,174,MAJOR,23,0
2023-01-12,MUÏ¿½Ï¿½,"STEVE AOKI, TINI, LA JOAQUI",3,658,6,120972253.0,33,7,53.0,2,0.0,90,MINOR,3,0
2022-07-21,TV,BILLIE EILISH,1,3009,2,338564981.0,68,89,65.0,0,25.0,141,MINOR,84,1
2014-01-01,I'M NOT THE ONLY ONE,SAM SMITH,1,17492,3,1606986953.0,136,24,1.959,0,30.0,82,MAJOR,56,0
2020-03-20,HEATHER,CONAN GRAY,1,6170,7,1301799902.0,82,1,231.0,0,2.0,92,MAJOR,62,0
2022-12-12,"BESHARAM RANG (FROM ""PATHAAN"")","VISHAL-SHEKHAR, SHILPA RAO, CARALISA MONTEIRO, KUMAAR, VISHAL DADLANI, SHEKHAR RAVJIANI",6,130,4,140187018.0,21,79,2.0,0,0.0,116,MINOR,6,0
2017-06-02,ONE KISS (WITH DUA LIPA),"CALVIN HARRIS, DUA LIPA",2,27705,10,1897517891.0,537,122,2.726,6,0.0,124,MINOR,4,0
2023-01-27,SUGAR RUSH RIDE,TOMORROW X TOGETHER,1,359,0,107642809.0,12,56,13.0,0,13.0,125,MINOR,1,0
2022-08-19,PINK VENOM,BLACKPINK,1,1963,16,551305895.0,57,119,77.0,1,13.0,90,MAJOR,2,0
2022-04-27,WAIT FOR U (FEAT. DRAKE & TEMS),"DRAKE, FUTURE, TEMS",3,5491,14,556585270.0,128,84,75.0,0,35.0,83,MAJOR,31,0
2019-10-31,DON'T START NOW,DUA LIPA,1,27119,0,2303033973.0,532,77,1.535,3,8.0,124,MINOR,1,0
2014-08-08,AFTER DARK,MR.KITTY,1,1776,14,646886885.0,1,9,3.0,0,0.0,140,MAJOR,7,41
2022-09-16,EU GOSTO ASSIM - AO VIVO,"GUSTAVO MIOTO, MARI FERNANDEZ",2,1473,4,222612678.0,27,64,66.0,1,4.0,154,MAJOR,15,0
2021-07-23,INDUSTRY BABY (FEAT. JACK HARLOW),"JACK HARLOW, LIL NAS X",2,13315,0,1814349763.0,300,47,690.0,0,0.0,150,MINOR,2,0
2020-01-10,MIDDLE OF THE NIGHT,ELLEY DUHÏ¿,1,4057,8,872137015.0,78,21,240.0,1,52.0,186,MINOR,2,0
2015-04-22,ATLANTIS,SEAFRET,1,3045,6,571386359.0,43,53,134.0,1,32.0,166,MINOR,5,0
2022-09-22,PUNTO 40,"BABY RASTA, RAUW ALEJANDRO",2,3006,12,304079786.0,54,32,66.0,2,0.0,107,MAJOR,0,4
2022-09-09,EVOQUE PRATA,"DJ ESCOBAR, MC MENOR SG, MC MENOR HR",3,852,0,174006928.0,14,1,50.0,0,0.0,87,MAJOR,31,0
2022-08-05,HOW DO I SAY GOODBYE,DEAN LEWIS,1,2163,15,284785823.0,72,97,58.0,0,154.0,82,MAJOR,21,0
2022-12-09,BLIND,SZA,1,1484,0,163284000.0,22,51,12.0,0,0.0,114,MINOR,91,0
2022-11-04,DIE FOR YOU,JOJI,1,1703,0,246390068.0,38,45,36.0,16,0.0,148,MAJOR,38,13
2022-07-20,DOJA,CENTRAL CEE,1,4169,44,482257456.0,57,44,183.0,1,11.0,140,MAJOR,38,0
2022-10-03,GATITA,BELLAKATH,1,1054,0,168684524.0,9,0,15.0,0,1.0,101,MAJOR,15,24
2022-01-17,RUMBLE,"SKRILLEX, FLOWDAN, FRED AGAIN..",3,2849,0,78489819.0,39,45,27.0,0,1.0,140,MINOR,5,23
2022-12-02,NIAGARA FALLS (FOOT OR 2) [WITH TRAVIS SCOTT & 21 SAVAGE],"TRAVIS SCOTT, 21 SAVAGE, METRO BOOMIN",3,1602,0,195516622.0,12,22,12.0,0,2.0,88,MINOR,19,0
2021-06-04,YONAGUNI,BAD BUNNY,1,9644,28,1260594497.0,120,86,164.0,4,0.0,180,MAJOR,28,0
2022-08-12,SUPER FREAKY GIRL,NICKI MINAJ,1,4827,0,428685680.0,104,17,76.0,9,2.0,133,MAJOR,6,0
1985-09-16,RUNNING UP THAT HILL (A DEAL WITH GOD),KATE BUSH,1,21811,0,1024858327.0,117,1,676.0,3,0.0,108,MINOR,72,0
1973-01-05,DREAM ON,AEROSMITH,1,168,0,838586769.0,0,0,5.0,0,0.0,80,MINOR,39,0
2022-08-11,LIMBO,FREDDIE DREDD,1,688,0,199386237.0,14,1,17.0,0,2.0,75,MINOR,3,6
2021-07-30,WHERE ARE YOU NOW,"LOST FREQUENCIES, CALUM SCOTT",2,10565,44,972509632.0,238,122,557.0,17,58.0,121,MINOR,52,0
2022-09-28,WORTH NOTHING,"TWISTED, OLIVER TREE",2,1612,0,213438580.0,34,54,34.0,0,2.0,140,MINOR,18,0
2020-09-03,BAD HABITS,ED SHEERAN,1,12755,8,1555511105.0,344,97,945.0,15,0.0,126,MINOR,5,0
2022-10-12,KICK BACK,KENSHI YONEZU,1,574,4,210038833.0,38,101,26.0,0,0.0,102,MAJOR,0,0
2022-04-08,EVERGREEN (YOU DIDNÏ¿½Ï¿½Ï¿½T DESERVE ME A,OMAR APOLLO,1,2499,0,227918678.0,70,0,49.0,0,0.0,82,MAJOR,60,1
2020-12-24,GOOD DAYS,SZA,1,10426,2,826623384.0,133,109,182.0,1,10.0,121,MINOR,23,0
2020-03-27,LEVITATING (FEAT. DABABY),"DUA LIPA, DABABY",2,15894,8,1802514301.0,198,13,544.0,0,60.0,103,MINOR,1,0
2021-06-25,WOMAN,DOJA CAT,1,9424,0,1329090101.0,202,50,463.0,4,0.0,108,MINOR,9,0
2022-09-14,SHUT UP MY MOMS CALLING - (SPED UP),HOTEL UGLY,1,713,7,181831132.0,2,4,6.0,0,0.0,85,MINOR,31,0
2022-03-14,FERRARI,"JAMES HYPE, MIGGY DELA ROSA",2,7758,28,462791599.0,173,79,175.0,0,168.0,125,MINOR,1,0
2022-10-21,"YOU'RE ON YOUR OWN, KID",TAYLOR SWIFT,1,2537,2,348647203.0,8,18,20.0,0,1.0,120,MAJOR,41,0
2022-07-17,"KESARIYA (FROM ""BRAHMASTRA"")","PRITAM, ARIJIT SINGH, AMITABH BHATTACHARYA",3,292,6,366599607.0,26,98,4.0,0,0.0,94,MAJOR,57,0
1930-01-01,AGUDO MÏ¿½Ï¿½GI,"STYRX, UTKU INC, THEZTH",3,323,0,90598517.0,4,0,14.0,0,0.0,130,MINOR,22,4
2012-01-01,PAYPHONE,"MAROON 5, WIZ KHALIFA",2,14143,4,1479264469.0,56,38,1.891,1,0.0,110,MAJOR,2,0
1994-10-28,ALL I WANT FOR CHRISTMAS IS YOU,MARIAH CAREY,1,25653,0,1449779435.0,387,132,2.094,0,0.0,150,MAJOR,16,0
1984-01-01,LAST CHRISTMAS,WHAM!,1,22153,0,1159176109.0,274,111,1.302,0,0.0,107,MINOR,28,0
1958-01-01,ROCKIN' AROUND THE CHRISTMAS TREE,BRENDA LEE,1,14994,0,769213520.0,191,168,206.0,0,0.0,140,MAJOR,71,0
1957-01-01,JINGLE BELL ROCK,BOBBY HELMS,1,10326,0,741301563.0,165,99,104.0,0,0.0,119,MAJOR,84,0
2011-10-14,IT'S BEGINNING TO LOOK A LOT LIKE CHRISTMAS,MICHAEL BUBLÏ¿,1,12353,0,807561936.0,35,0,549.0,0,0.0,93,MAJOR,91,0
2013-12-13,SANTA TELL ME,ARIANA GRANDE,1,9408,0,834129063.0,231,106,439.0,0,0.0,133,MAJOR,5,0
1963-10-14,IT'S THE MOST WONDERFUL TIME OF THE YEAR,ANDY WILLIAMS,1,8879,0,663832097.0,182,107,160.0,0,1.0,202,MAJOR,77,0
1959-11-16,LET IT SNOW! LET IT SNOW! LET IT SNOW!,DEAN MARTIN,1,6512,0,446390129.0,88,1,277.0,0,0.0,134,MAJOR,91,0
2017-01-01,SNOWMAN,SIA,1,5140,0,690104769.0,85,110,500.0,0,0.0,105,MAJOR,48,0
2013-10-25,UNDERNEATH THE TREE,KELLY CLARKSON,1,6596,0,485285717.0,144,99,251.0,0,0.0,160,MAJOR,0,0
1970-11-01,FELIZ NAVIDAD,JOSÏ¿½Ï¿½ FELIC,1,3788,0,520034544.0,21,3,10.0,0,0.0,148,MAJOR,47,0
2011-10-14,HOLLY JOLLY CHRISTMAS,MICHAEL BUBLÏ¿,1,7655,0,476244795.0,5,0,291.0,0,0.0,151,MAJOR,87,0
2011-01-01,MISTLETOE,JUSTIN BIEBER,1,9577,0,629173063.0,195,111,310.0,0,0.0,162,MINOR,51,0
1963-11-22,SLEIGH RIDE,THE RONETTES,1,10114,0,404664135.0,114,74,262.0,0,0.0,92,MAJOR,40,0
2022-12-09,SEEK & DESTROY,SZA,1,1007,0,98709329.0,5,31,1.0,0,0.0,152,MAJOR,44,18
2022-12-09,LOVE LANGUAGE,SZA,1,1127,0,110849052.0,16,63,8.0,0,0.0,65,MINOR,85,0
1971-12-01,HAPPY XMAS (WAR IS OVER),"JOHN LENNON, THE HARLEM COMMUNITY CHOIR, THE PLASTIC ONO BAND, YOKO ONO",4,10829,0,460492795.0,130,1,390.0,0,0.0,147,MAJOR,32,0
2022-12-08,USED (FEAT. DON TOLIVER),"SZA, DON TOLIVER",2,1042,0,94005786.0,7,29,3.0,0,0.0,150,MINOR,53,0
1952-01-01,A HOLLY JOLLY CHRISTMAS - SINGLE VERSION,BURL IVES,1,7930,0,395591396.0,108,120,73.0,0,0.0,140,MAJOR,64,0
1946-11-01,THE CHRISTMAS SONG (MERRY CHRISTMAS TO YOU) - REMASTERED 1999,NAT KING COLE,1,11500,0,389771964.0,140,72,251.0,0,0.0,139,MAJOR,84,0
1979-11-16,WONDERFUL CHRISTMASTIME - EDITED VERSION / REMASTERED 2011,PAUL MCCARTNEY,1,1685,0,403939487.0,1,0,29.0,0,0.0,95,MAJOR,36,0
1984-11-25,DO THEY KNOW IT'S CHRISTMAS? - 1984 VERSION,BAND AID,1,14169,0,481697415.0,209,30,449.0,0,0.0,115,MAJOR,0,2
2022-12-09,GHOST IN THE MACHINE (FEAT. PHOEBE BRIDGERS),"SZA, PHOEBE BRIDGERS",2,1634,0,110073250.0,16,20,4.0,0,0.0,125,MAJOR,84,3
2022-12-09,SPECIAL,SZA,1,906,0,88092256.0,6,21,3.0,0,0.0,76,MAJOR,78,0
1984-01-01,MERRY CHRISTMAS EVERYONE,SHAKIN' STEVENS,1,1087,0,351636786.0,90,35,5.0,0,0.0,101,MINOR,14,0
1950-01-01,LET IT SNOW! LET IT SNOW! LET IT SNOW!,"FRANK SINATRA, B. SWANSON QUARTET",2,10585,0,473248298.0,126,108,406.0,0,0.0,143,MAJOR,88,0
2022-12-09,SOS,SZA,1,827,0,73981293.0,6,18,1.0,0,0.0,119,MINOR,67,0
2022-12-08,OPEN ARMS (FEAT. TRAVIS SCOTT),"SZA, TRAVIS SCOTT",2,1420,4,155653938.0,13,87,17.0,0,46.0,78,MAJOR,76,1
1942-01-01,WHITE CHRISTMAS,"BING CROSBY, JOHN SCOTT TROTTER & HIS ORCHESTRA, KEN DARBY SINGERS",3,11940,0,395591396.0,73,79,123.0,0,0.0,96,MAJOR,91,0
1986-01-01,DRIVING HOME FOR CHRISTMAS - 2019 REMASTER,CHRIS REA,1,888,0,429504768.0,50,0,6.0,0,0.0,180,MAJOR,36,0
1963-11-22,CHRISTMAS (BABY PLEASE COME HOME),DARLENE LOVE,1,9122,0,242767149.0,121,58,212.0,0,0.0,126,MAJOR,39,0
2022-12-09,GONE GIRL,SZA,1,892,0,65362788.0,3,17,2.0,0,0.0,150,MAJOR,57,0
2022-12-09,F2F,SZA,1,989,0,67540165.0,5,9,1.0,0,0.0,90,MAJOR,9,0
2022-12-09,NOTICE ME,SZA,1,819,0,62019074.0,14,22,0.0,0,0.0,160,MAJOR,28,0
2017-11-10,MERRY CHRISTMAS,"ED SHEERAN, ELTON JOHN",2,2209,0,135723538.0,72,90,141.0,0,0.0,114,MAJOR,24,0
1958-01-01,IT'S BEGINNING TO LOOK A LOT LIKE CHRISTMAS (WITH MITCHELL AYRES & HIS ORCHESTRA),"PERRY COMO, THE FONTANE SISTERS, MITCHELL AYRES & HIS ORCHESTRA",3,6290,0,295998468.0,89,39,158.0,0,0.0,113,MAJOR,77,0
2000-11-07,MY ONLY WISH (THIS YEAR),BRITNEY SPEARS,1,6952,0,261116938.0,115,53,286.0,0,0.0,147,MAJOR,17,0
2022-11-04,ANTIDEPRESAN,"MABEL MATIZ, MERT DEMIR",2,313,2,136689549.0,10,6,7.0,1,9.0,100,MINOR,3,0
2022-12-02,WILD FLOWER (WITH YOUJEEN),RM,1,353,2,135611421.0,2,74,14.0,0,2.0,155,MAJOR,3,0
2021-12-03,I HATE U,SZA,1,4094,0,356709897.0,66,96,43.0,0,0.0,107,MINOR,51,0
2022-12-02,RAINDROPS (INSANE) [WITH TRAVIS SCOTT],"TRAVIS SCOTT, METRO BOOMIN",2,880,0,110649992.0,3,7,10.0,0,0.0,112,MAJOR,9,0
2022-10-31,SPIT IN MY FACE!,THXSOMCH,1,573,0,301869854.0,1,0,18.0,0,24.0,166,MAJOR,9,20
1959-01-01,DECK THE HALL - REMASTERED 1999,NAT KING COLE,1,3299,0,127027715.0,65,39,41.0,0,0.0,107,MINOR,81,0
2022-12-09,SMOKING ON MY EX PACK,SZA,1,811,0,57144458.0,6,11,3.0,0,0.0,81,MAJOR,24,0
2022-12-09,CONCEITED,SZA,1,899,0,56870689.0,2,14,2.0,0,0.0,150,MAJOR,5,0
2022-10-21,SNOW ON THE BEACH (FEAT. LANA DEL REY),"TAYLOR SWIFT, LANA DEL REY",2,2415,0,323437194.0,33,57,30.0,0,11.0,110,MAJOR,69,0
2022-10-21,MAROON,TAYLOR SWIFT,1,2304,0,317726339.0,12,16,14.0,0,0.0,108,MAJOR,6,0
2022-09-28,TUBARÏ¿½Ï¿½O TE,"DJ LK DA ESCÏ¿½Ï¿½CIA, TCHAKABUM, MC JHENNY, M",4,1003,0,116144341.0,21,0,44.0,0,0.0,130,MINOR,30,0
2022-10-21,BEJEWELED,TAYLOR SWIFT,1,2699,0,328207708.0,39,35,22.0,2,0.0,164,MAJOR,6,0
2022-05-06,TAROT,"BAD BUNNY, JHAY CORTEZ",2,2482,20,608228647.0,27,77,22.0,2,0.0,114,MINOR,2,0
2005-09-20,YOU MAKE IT FEEL LIKE CHRISTMAS (FEAT. BLAKE SHELTON),"GWEN STEFANI, BLAKE SHELTON",2,2577,0,180577478.0,108,56,30.0,0,0.0,93,MAJOR,1,0
2021-06-25,DESESPERADOS,"CHENCHO CORLEONE, RAUW ALEJANDRO",2,6821,34,809306935.0,83,58,128.0,7,0.0,90,MINOR,36,0
2022-12-08,TOO LATE,SZA,1,714,0,49262961.0,0,9,2.0,0,0.0,128,MAJOR,78,0
2022-05-06,PARTY,"BAD BUNNY, RAUW ALEJANDRO",2,3185,4,614555082.0,38,64,37.0,3,36.0,97,MAJOR,2,0
1958-01-01,RUN RUDOLPH RUN - SINGLE VERSION,CHUCK BERRY,1,8612,0,245350949.0,120,30,52.0,0,1.0,152,MINOR,79,0
1957-01-01,JINGLE BELLS - REMASTERED 1999,FRANK SINATRA,1,4326,0,178660459.0,32,3,65.0,0,0.0,175,MAJOR,73,0
2022-12-09,FAR,SZA,1,680,0,51641685.0,2,15,1.0,0,0.0,116,MAJOR,67,0
2022-12-02,ON TIME (WITH JOHN LEGEND),"JOHN LEGEND, METRO BOOMIN",2,398,0,78139948.0,2,2,6.0,0,2.0,80,MINOR,76,0
2022-08-25,GATÏ¿½Ï¿½,"MALDY, KAROL G",2,3328,13,322336177.0,39,50,57.0,3,1.0,93,MINOR,26,0
2021-08-13,ÝÝÝABCDEFU,GAYLE,1,7215,0,1007612429.0,170,12,575.0,18,0.0,122,MAJOR,30,0
2022-01-07,SACRIFICE,THE WEEKND,1,4440,0,326792833.0,81,77,133.0,0,0.0,122,MAJOR,3,0
2022-01-07,IS THERE SOMEONE ELSE?,THE WEEKND,1,2881,6,391251368.0,13,89,34.0,0,3.0,135,MINOR,4,0
2022-01-05,FINGERS CROSSED,"LAUREN SPENCER SMITH, LAUREN SPENCER SMITH, LAUREN SPENCER SMITH",3,2235,0,349585590.0,65,7,70.0,16,6.0,109,MAJOR,62,0
2022-01-07,OUT OF TIME,THE WEEKND,1,3711,0,339659802.0,49,88,62.0,0,0.0,93,MINOR,27,0
2021-08-20,DO IT TO IT,"CHERISH, ACRAZE",2,12403,0,674772936.0,183,63,465.0,0,11.0,125,MINOR,2,5
2021-11-19,WE DON'T TALK ABOUT BRUNO,"ADASSA, MAURO CASTILLO, STEPHANIE BEATRIZ, ENCANTO - CAST, RHENZY FELIZ, DIANE GUERRERO, CAROLINA GAITAN",7,2785,0,432719968.0,95,89,44.0,0,0.0,206,MINOR,36,0
2021-06-24,PEPAS,FARRUKO,1,14114,17,1309887447.0,252,109,965.0,20,0.0,130,MAJOR,1,0
2022-01-07,HOW DO I MAKE YOU LOVE ME?,THE WEEKND,1,1915,0,119238316.0,7,47,15.0,0,0.0,121,MINOR,2,0
2022-01-07,GASOLINE,THE WEEKND,1,2297,0,116903579.0,11,29,14.0,0,0.0,123,MINOR,0,0
2017-06-23,INFINITY,JAYMES YOUNG,1,4375,0,888046992.0,24,0,396.0,0,0.0,122,MINOR,15,0
2022-01-07,LESS THAN ZERO,THE WEEKND,1,2800,0,200660871.0,18,77,61.0,0,1.0,143,MAJOR,0,0
2021-08-06,TAKE MY BREATH,THE WEEKND,1,2597,0,130655803.0,17,80,38.0,0,0.0,121,MINOR,1,0
2021-05-14,GOOD 4 U,OLIVIA RODRIGO,1,15563,6,1887039593.0,259,55,461.0,1,0.0,166,MINOR,28,0
2022-01-07,"HERE WE GOÏ¿½Ï¿½Ï¿½ AGAIN (FEAT. TYLER, THE CR","THE WEEKND, TYLER, THE CREATOR",3,1420,0,88103848.0,7,18,7.0,0,0.0,135,MAJOR,36,0
2022-01-07,BEST FRIENDS,THE WEEKND,1,1292,0,101114984.0,3,18,14.0,0,0.0,87,MINOR,44,0
2021-04-09,KISS ME MORE (FEAT. SZA),"SZA, DOJA CAT",2,15867,0,1575467011.0,382,65,497.0,0,12.0,111,MAJOR,30,0
2022-01-07,I HEARD YOU'RE MARRIED (FEAT. LIL WAYNE),"THE WEEKND, LIL WAYNE",2,1178,0,91656026.0,9,10,9.0,0,0.0,110,MAJOR,10,0
2021-06-11,NEED TO KNOW,DOJA CAT,1,6672,0,1042568408.0,125,36,150.0,0,0.0,130,MAJOR,30,0
2020-09-18,MONTERO (CALL ME BY YOUR NAME),LIL NAS X,1,12329,0,1735441776.0,275,19,738.0,0,0.0,179,MINOR,30,0
2019-07-26,LOVE NWANTITI (AH AH AH),CKAY,1,5669,2,726837877.0,74,0,262.0,14,0.0,93,MINOR,61,0
2022-01-07,DAWN FM,THE WEEKND,1,811,0,53933526.0,1,8,6.0,0,0.0,78,MINOR,62,0
2021-11-19,SURFACE PRESSURE,JESSICA DARROW,1,1756,0,267758538.0,38,48,20.0,0,0.0,180,MAJOR,2,0
2022-01-07,STARRY EYES,THE WEEKND,1,1014,0,74601456.0,1,17,11.0,0,0.0,86,MINOR,50,0
2021-09-17,THATS WHAT I WANT,LIL NAS X,1,7963,0,920797189.0,173,7,298.0,0,4.0,88,MINOR,1,0
2021-11-05,ONE RIGHT NOW (WITH THE WEEKND),"THE WEEKND, POST MALONE",2,4771,0,539595276.0,68,18,75.0,0,1.0,97,MAJOR,4,0
2017-12-08,BEGGIN,MÏ¿½Ï¿½NE,1,8559,0,1367810478.0,183,64,964.0,9,75.0,134,MINOR,13,0
2020-09-21,MON AMOUR - REMIX,"AITANA, ZZOILO",2,3221,2,578207856.0,67,13,139.0,0,40.0,116,MAJOR,12,0
2021-10-05,LO SIENTO BB:/ (WITH BAD BUNNY & JULIETA VENEGAS),"JULIETA VENEGAS, BAD BUNNY, TAINY",3,3423,26,775542072.0,61,65,53.0,6,0.0,170,MINOR,9,0
2021-09-10,MONEY,LISA,1,2566,13,863625566.0,44,109,131.0,0,0.0,140,MINOR,16,0
2021-11-04,THE MOTTO,"TIÏ¿½Ï¿½STO, AVA",2,9151,6,656013912.0,240,107,268.0,0,5.0,118,MINOR,3,0
2021-07-30,HAPPIER THAN EVER,BILLIE EILISH,1,8476,0,1056760045.0,138,133,283.0,0,0.0,65,MAJOR,76,0
2021-10-22,MOTH TO A FLAME (WITH THE WEEKND),"THE WEEKND, SWEDISH HOUSE MAFIA",2,7495,17,611994237.0,114,172,284.0,2,0.0,120,MINOR,0,0
2021-05-21,TRAITOR,"JUAN CRUZ TOLEDO, HUILEN TOLEDO",2,5257,6,1230855859.0,85,43,134.0,0,0.0,176,MAJOR,68,0
2021-09-10,TOXIC,BOYWITHUKE,1,1795,0,582981380.0,34,23,118.0,0,0.0,180,MINOR,84,0
2021-01-08,DRIVERS LICENSE,OLIVIA RODRIGO,1,12685,3,1858144199.0,185,61,485.0,0,0.0,144,MAJOR,76,0
2021-11-30,MALVADÏ¿½Ï¿,"XAMÏ¿½Ï¿½, GUSTAH, NEO B",3,648,1,240684449.0,14,3,81.0,0,0.0,133,MINOR,38,0
2021-11-12,ALL TOO WELL (10 MINUTE VERSION) (TAYLOR'S VERSION) (FROM THE VAULT),TAYLOR SWIFT,1,4635,5,583687007.0,50,49,30.0,1,2.0,93,MAJOR,28,0
2022-01-07,DONÏ¿½Ï¿½Ï¿½T BREAK MY,THE WEEKND,1,1184,0,63803529.0,1,5,6.0,0,0.0,122,MAJOR,34,0
2021-11-19,OH MY GOD,ADELE,1,4431,0,466214729.0,105,7,199.0,0,0.0,88,MAJOR,9,0
2022-01-05,ENTRE NOSOTROS (REMIX) [CON NICKI NICOLE],"LIT KILLAH, MARIA BECERRA, TIAGO PZK, NICKI NICOLE",4,759,3,236940480.0,32,0,12.0,0,0.0,170,MINOR,40,0
2022-01-07,A TALE BY QUINCY,THE WEEKND,1,733,0,41924466.0,0,2,2.0,0,0.0,94,MINOR,71,0
2021-11-18,I AM WOMAN,EMMY MELI,1,2795,0,225259194.0,45,0,107.0,0,0.0,170,MAJOR,12,0
2021-10-27,MEDALLO,"JUSTIN QUILES, LENNY TAVÏ¿½Ï¿½REZ, BL",3,2780,2,393230256.0,54,21,57.0,1,0.0,90,MINOR,57,0
2021-12-01,IT'LL BE OKAY,SHAWN MENDES,1,1950,0,287201015.0,56,8,104.0,0,10.0,78,MAJOR,62,0
2018-03-09,SOFTCORE,THE NEIGHBOURHOOD,1,3947,12,599770206.0,33,102,93.0,0,30.0,94,MAJOR,5,0
2021-10-30,SUPER GREMLIN,KODAK BLACK,1,2551,0,342779426.0,52,15,35.0,0,1.0,73,MAJOR,0,0
2021-08-03,VOLVÏ¿,"AVENTURA, BAD BUNNY",2,5375,10,673801126.0,138,24,133.0,0,1.0,176,MAJOR,42,0
2020-11-02,TODO DE TI,RAUW ALEJANDRO,1,11975,8,1168642797.0,188,75,268.0,6,16.0,128,MINOR,40,1
2019-08-30,LOVE NWANTITI - REMIX,"CKAY, AX'EL, DJ YO!",3,2696,0,540539717.0,42,2,57.0,0,0.0,120,MAJOR,44,9
2021-11-05,SMOKIN OUT THE WINDOW,"BRUNO MARS, ANDERSON .PAAK, SILK SONIC",3,4963,0,383550148.0,63,40,76.0,0,0.0,82,MAJOR,6,0
2020-03-13,MEET ME AT OUR SPOT,"THE ANXIETY, WILLOW, TYLER COLE",3,6734,0,530511203.0,47,14,90.0,0,1.0,95,MAJOR,2,0
2022-01-07,EVERY ANGEL IS TERRIFYING,THE WEEKND,1,715,0,37307967.0,0,1,2.0,0,0.0,118,MAJOR,11,0
2021-10-22,TACONES ROJOS,SEBASTIAN YATRA,1,3047,9,510876816.0,77,31,85.0,5,28.0,123,MINOR,8,0
2021-03-19,PEACHES (FEAT. DANIEL CAESAR & GIVEON),"JUSTIN BIEBER, DANIEL CAESAR, GIVEON",3,14140,0,1445941661.0,231,52,612.0,6,0.0,90,MAJOR,38,0
2020-10-30,DAKITI,"BAD BUNNY, JHAY CORTEZ",2,11215,21,1763363713.0,189,166,525.0,9,25.0,110,MINOR,40,0
2021-12-29,"TIAGO PZK: BZRP MUSIC SESSIONS, VOL. 48","BIZARRAP, TIAGO PZK",2,1678,12,374191487.0,20,4,15.0,1,3.0,96,MINOR,47,0
2022-01-09,LÏ¿½Ï¿½Ï¿,STROMAE,1,2035,0,108809090.0,41,122,394.0,0,2.0,88,MINOR,35,0
2021-09-08,NOSTÏ¿½Ï¿½L,"CHRIS BROWN, RVSSIAN, RAUW ALEJANDRO",3,2780,2,436695353.0,86,76,59.0,0,16.0,98,MINOR,17,0
2021-09-24,BETTER DAYS (NEIKED X MAE MULLER X POLO G),"NEIKED, MAE MULLER, POLO G",3,4091,0,421040617.0,105,2,73.0,13,1.0,110,MINOR,0,0
2020-07-17,LIFE GOES ON,OLIVER TREE,1,2868,0,501541661.0,43,15,116.0,0,0.0,80,MAJOR,19,0
2021-09-16,SAD GIRLZ LUV MONEY REMIX (FEAT. KALI UCHIS),"KALI UCHIS, AMAARAE, MOLIY",3,3643,0,354065229.0,69,3,70.0,0,3.0,110,MINOR,43,0
2021-05-21,BUTTER,BTS,1,4779,6,1143647827.0,180,135,223.0,0,5.0,110,MAJOR,0,0
2022-01-07,PUSHIN P (FEAT. YOUNG THUG),"YOUNG THUG, FUTURE, GUNNA",3,3517,0,311395144.0,54,28,43.0,0,0.0,78,MINOR,1,1
2021-06-24,YOU RIGHT,"DOJA CAT, THE WEEKND",2,5073,0,672656250.0,83,9,100.0,0,4.0,129,MAJOR,2,0
2021-04-01,DEJA VU,OLIVIA RODRIGO,1,7545,4,1256880657.0,117,39,141.0,0,46.0,181,MAJOR,61,0
2020-08-21,DYNAMITE,BTS,1,8528,5,1692897992.0,239,163,583.0,0,0.0,114,MINOR,1,0
2021-11-05,TO THE MOON,JNR CHOI,1,2979,0,245095641.0,44,0,159.0,0,0.0,144,MAJOR,5,1
2019-01-11,LOST IN THE FIRE,"THE WEEKND, GESAFFELSTEIN",2,7731,2,686734357.0,110,145,447.0,0,46.0,101,MAJOR,9,0
2021-10-21,SALIMO DE NOCHE,"TRUENO, TIAGO PZK",2,1057,0,261414174.0,17,5,21.0,0,0.0,84,MAJOR,29,0
2021-07-08,VOLANDO - REMIX,"SECH, BAD BUNNY, MORA",3,3272,19,610045621.0,101,34,70.0,1,2.0,154,MAJOR,21,0
2021-03-05,LEAVE THE DOOR OPEN,"BRUNO MARS, ANDERSON .PAAK, SILK SONIC",3,14417,0,1115880852.0,237,123,569.0,0,10.0,148,MAJOR,18,0
2021-09-03,KNIFE TALK (WITH 21 SAVAGE FT. PROJECT PAT),"DRAKE, PROJECT PAT, 21 SAVAGE",3,5199,0,594482982.0,45,43,45.0,0,3.0,146,MINOR,13,0
2021-08-01,DON'T BE SHY,"TIÏ¿½Ï¿½STO, KAR",2,6026,0,566954746.0,171,51,187.0,1,21.0,120,MINOR,20,0
1970-01-01,LOVE GROWS (WHERE MY ROSEMARY GOES),EDISON LIGHTHOUSE,1,2877,0,,16,0,54.0,0,0.0,110,MAJOR,7,0
2021-11-11,LA FAMA (WITH THE WEEKND),"THE WEEKND, ROSALÏ¿½",2,4640,3,374706940.0,81,93,507.0,6,4.0,136,MINOR,95,0
2021-11-19,THE FAMILY MADRIGAL,"OLGA MEREDIZ, STEPHANIE BEATRIZ, ENCANTO - CAST",3,1150,0,184937148.0,20,38,12.0,0,0.0,141,MAJOR,12,0
2022-01-07,PHANTOM REGRET BY JIM,THE WEEKND,1,768,0,31959571.0,1,1,3.0,0,0.0,108,MINOR,75,30
2021-11-19,DOS ORUGUITAS,SEBASTIAN YATRA,1,925,0,167076418.0,24,47,74.0,0,0.0,94,MAJOR,76,0
2015-05-10,FREAKS,SURF CURSE,1,3006,3,824420218.0,23,21,121.0,0,13.0,180,MAJOR,0,63
2021-09-01,ACAPULCO,JASON DERULO,1,3098,0,363467642.0,111,5,182.0,1,0.0,122,MAJOR,5,0
2015-10-30,DADDY ISSUES,THE NEIGHBOURHOOD,1,9771,4,1127468248.0,42,70,384.0,0,3.0,85,MAJOR,7,15
2022-01-07,THOUGHT I WAS PLAYING,"21 SAVAGE, GUNNA",2,807,0,60680939.0,3,0,5.0,0,0.0,148,MAJOR,0,0
2021-12-01,ELEVEN,IVE,1,521,1,247737946.0,17,89,11.0,0,0.0,120,MAJOR,6,0
2020-07-24,MOOD (FEAT. IANN DIOR),"24KGOLDN, IANN DIOR",2,12854,0,1699402402.0,237,27,636.0,0,0.0,91,MINOR,22,0
2021-11-19,WHAT ELSE CAN I DO?,"STEPHANIE BEATRIZ, DIANE GUERRERO",2,802,0,154797871.0,13,27,8.0,0,0.0,120,MAJOR,26,0
2021-11-17,DANCE CRIP,TRUENO,1,731,0,198883004.0,14,14,24.0,0,4.0,106,MAJOR,11,0
2022-01-07,MISERABLE MAN,DAVID KUSHNER,1,788,0,124407432.0,13,0,32.0,1,0.0,110,MAJOR,93,0
2021-05-21,HAPPIER,OLIVIA RODRIGO,1,3069,4,850608354.0,25,46,105.0,0,45.0,169,MAJOR,81,0
2021-08-29,PRAISE GOD,KANYE WEST,1,4651,0,376333030.0,24,6,105.0,0,0.0,118,MAJOR,1,0
2021-06-25,GET INTO IT (YUH),DOJA CAT,1,4999,0,516784627.0,43,19,73.0,12,0.0,92,MINOR,32,0
2019-11-01,BEFORE YOU GO,LEWIS CAPALDI,1,8327,24,1608045237.0,205,130,625.0,0,25.0,112,MAJOR,63,0
2020-12-25,SKY,PLAYBOI CARTI,1,3297,3,506778838.0,25,3,52.0,0,1.0,140,MAJOR,26,0
2010-11-29,ROLLING IN THE DEEP,ADELE,1,35684,6,1472799873.0,195,125,6.28,2,78.0,105,MAJOR,13,0
2021-07-08,SOBRIO,MALUMA,1,3506,10,513643924.0,103,76,100.0,1,1.0,178,MAJOR,14,0
2021-12-23,PERU,"ED SHEERAN, FIREBOY DML",2,2999,0,261286503.0,60,17,154.0,0,22.0,108,MINOR,57,0
2021-05-21,FAVORITE CRIME,OLIVIA RODRIGO,1,3681,0,783706581.0,20,21,99.0,0,7.0,173,MAJOR,86,0
2021-05-07,THUNDER,"PREZIOSO, GABRY PONTE, LUM!X",3,4846,10,422691058.0,54,16,259.0,0,13.0,101,MAJOR,3,0
2020-01-01,THE BUSINESS,TIÏ¿½Ï¿,1,14311,0,1062345656.0,255,32,582.0,0,14.0,120,MINOR,41,2
2020-10-23,POSITIONS,ARIANA GRANDE,1,8207,0,1252563873.0,175,55,95.0,0,2.0,144,MAJOR,44,0
2021-03-19,I WANNA BE YOUR SLAVE,MÏ¿½Ï¿½NE,1,4873,0,851070493.0,65,88,434.0,3,13.0,133,MAJOR,0,0
2021-10-22,VAI LÏ¿½Ï¿½ EM CASA,"MARÏ¿½Ï¿½LIA MENDONÏ¿½Ï¿½A, GEORGE HENRIQUE &",2,772,0,263894529.0,7,3,89.0,0,0.0,158,MINOR,53,0
2021-10-01,THE FEELS,TWICE,1,1150,0,345903614.0,20,99,44.0,0,2.0,120,MAJOR,9,0
2020-02-21,HEARTBREAK ANNIVERSARY,GIVEON,1,5398,4,951637566.0,111,127,210.0,0,37.0,129,MAJOR,56,0
2016-11-18,NO LIE,"SEAN PAUL, DUA LIPA",2,7370,0,956865266.0,92,127,1.219,0,62.0,102,MAJOR,5,0
2021-08-13,OUT OUT (FEAT. CHARLI XCX & SAWEETIE),"CHARLI XCX, JAX JONES, JOEL CORRY, SAWEETIE",4,6890,0,427486004.0,122,11,201.0,0,1.0,124,MINOR,2,0
2016-04-20,POPE IS A ROCKSTAR,SALES,1,1966,0,156658366.0,4,2,50.0,0,0.0,90,MINOR,85,24
2021-04-14,2055,SLEEPY HALLOW,1,2226,0,624515457.0,29,0,44.0,0,0.0,161,MINOR,46,0
2017-03-30,BORED,BILLIE EILISH,1,4204,0,777765388.0,39,45,250.0,0,0.0,120,MAJOR,90,0
2021-07-28,HAPPIER THAN EVER - EDIT,BILLIE EILISH,1,1959,0,412795151.0,19,0,38.0,0,0.0,81,MAJOR,7,0
2019-01-01,ASTRONAUT IN THE OCEAN,MASKED WOLF,1,7191,0,1138474110.0,146,18,478.0,0,7.0,150,MINOR,18,0
2021-09-02,LEY SECA,"ANUEL AA, JHAY CORTEZ",2,2012,0,355219175.0,101,12,38.0,0,0.0,105,MAJOR,10,0
2021-08-10,EVERY SUMMERTIME,NIKI,1,1211,2,290228626.0,30,2,5.0,0,6.0,79,MAJOR,38,0
2010-10-04,TALKING TO THE MOON,BRUNO MARS,1,7109,2,1062956628.0,5,0,862.0,0,0.0,146,MINOR,51,0
2020-04-17,YOU BROKE ME FIRST,TATE MCRAE,1,6638,0,1180094974.0,167,19,318.0,0,1.0,124,MAJOR,79,0
2014-01-01,THE NIGHTS,AVICII,1,17354,8,1456081449.0,92,122,1.282,0,55.0,126,MAJOR,2,0
2021-08-06,TAKE MY BREATH,THE WEEKND,1,6392,0,432702334.0,174,73,344.0,0,0.0,121,MAJOR,2,0
2021-09-03,WAY 2 SEXY (WITH FUTURE & YOUNG THUG),"DRAKE, FUTURE, YOUNG THUG",3,5481,0,489945871.0,144,30,86.0,0,0.0,136,MINOR,0,0
2021-06-25,CÏ¿½Ï¿½,RAUW ALEJANDRO,1,2636,3,465959382.0,36,82,39.0,0,5.0,102,MINOR,58,0
2021-10-27,ENEMY - FROM THE SERIES ARCANE LEAGUE OF LEGENDS,"IMAGINE DRAGONS, LEAGUE OF LEGENDS, ARCANE",3,824,0,1223481149.0,8,8,8.0,2,0.0,77,MAJOR,23,0
2019-05-10,DANCE MONKEY,TONES AND I,1,24529,0,2864791672.0,533,167,3.595,6,0.0,98,MINOR,69,0
2017-06-15,LUCID DREAMS,JUICE WRLD,1,14749,0,2288695111.0,188,34,710.0,0,5.0,84,MINOR,38,0
2021-01-28,QUÏ¿½Ï¿½ MÏ¿½Ï¿,"J BALVIN, MARIA BECERRA",2,8087,0,720825549.0,92,34,131.0,0,0.0,102,MAJOR,3,0
2013-08-01,ALL OF ME,JOHN LEGEND,1,27221,0,2086124197.0,308,118,4.534,2,77.0,120,MAJOR,92,0
1991-09-10,SMELLS LIKE TEEN SPIRIT - REMASTERED 2021,NIRVANA,1,49991,9,1690192927.0,265,121,12.367,4,160.0,117,MAJOR,0,0
2019-03-07,ARCADE,DUNCAN LAURENCE,1,6646,0,991336132.0,107,47,584.0,1,0.0,72,MINOR,82,0
2021-09-03,FAIR TRADE (WITH TRAVIS SCOTT),"DRAKE, TRAVIS SCOTT",2,5403,6,593917618.0,118,116,96.0,0,3.0,168,MAJOR,5,0
2021-11-11,BAR,"TINI, L-GANTE",2,755,4,200972675.0,22,3,0.0,0,0.0,94,MAJOR,13,0
2022-01-10,THE RUMBLING (TV SIZE),SIM,1,254,0,71014967.0,0,4,23.0,0,0.0,145,MAJOR,0,0
2021-08-27,FAMILY TIES (WITH KENDRICK LAMAR),"KENDRICK LAMAR, BABY KEEM",2,6308,5,560222750.0,114,15,63.0,0,2.0,134,MAJOR,1,0
2003-09-23,MR. BRIGHTSIDE,THE KILLERS,1,51979,15,1806617704.0,306,99,5.063,2,120.0,148,MAJOR,0,0
2022-01-10,BLESSED-CURSED,ENHYPEN,1,246,0,77337771.0,2,12,10.0,0,0.0,127,MINOR,9,0
2021-06-24,AM REMIX,"J BALVIN, NIO GARCIA, BAD BUNNY",3,6556,0,528544703.0,93,5,67.0,1,0.0,172,MINOR,11,0
2019-11-07,STREETS,DOJA CAT,1,5728,0,865640097.0,85,87,179.0,0,12.0,90,MAJOR,21,4
2018-09-27,SHALLOW,"LADY GAGA, BRADLEY COOPER",2,16636,12,2159346687.0,368,155,2.854,6,121.0,96,MAJOR,38,0
2022-01-10,POLAROID LOVE,ENHYPEN,1,461,0,211372494.0,10,56,17.0,0,0.0,138,MINOR,46,0
2021-04-28,LEAVE BEFORE YOU LOVE ME (WITH JONAS BROTHERS),"MARSHMELLO, JONAS BROTHERS",2,4893,4,651732901.0,143,24,110.0,0,70.0,120,MAJOR,0,0
2021-07-09,PERMISSION TO DANCE,BTS,1,1801,2,608334048.0,77,134,74.0,0,2.0,125,MAJOR,1,0
2021-01-15,FRIDAY (FEAT. MUFASA & HYPEMAN) - DOPAMINE RE-EDIT,"RITON, NIGHTCRAWLERS, MUFASA & HYPEMAN, DOPAMINE",4,12043,0,863756573.0,209,54,710.0,0,18.0,123,MAJOR,1,0
2021-04-09,RAPSTAR,POLO G,1,4731,0,797402345.0,141,12,78.0,0,0.0,81,MAJOR,41,0
2002-05-26,'TILL I COLLAPSE,"EMINEM, NATE DOGG",2,22923,0,1695712020.0,78,46,2.515,1,0.0,171,MAJOR,7,0
2019-09-20,MEMORIES,MAROON 5,1,9974,2,1759567999.0,272,67,1.066,1,19.0,91,MAJOR,84,0
2021-08-12,SE LE VE,"ARCANGEL, DE LA GHETTO, JUSTIN QUILES, LENNY TAVÏ¿½Ï¿½REZ, SECH, DALEX, DIMELO FLOW, RICH MUSIC",8,1560,0,223319934.0,72,0,0.0,0,0.0,84,MINOR,10,0
2022-01-07,25K JACKET (FEAT. LIL BABY),"GUNNA, LIL BABY",2,620,0,54937991.0,17,3,3.0,0,0.0,115,MINOR,16,0
2021-12-29,WHEN IÏ¿½Ï¿½Ï¿½M GONE (WITH KATY,"KATY PERRY, ALESSO",2,3270,0,226897599.0,89,21,65.0,0,0.0,125,MAJOR,4,0
2021-10-14,ESQUEÏ¿½Ï¿½A-ME SE FOR C,"MARÏ¿½Ï¿½LIA MENDONÏ¿½Ï¿½A, MAIARA &",2,580,0,258316038.0,24,92,93.0,0,0.0,122,MINOR,28,0
2021-04-29,MIÏ¿½Ï¿½N,"TINI, MARIA BECERRA",2,3406,16,596152090.0,61,23,70.0,1,0.0,92,MAJOR,16,0
2021-11-18,SÏ¿½Ï¿½,"ANUEL AA, MYKE TOWERS, JHAY CORTEZ",3,903,0,177129919.0,30,26,15.0,0,0.0,90,MINOR,17,0
2022-02-10,MAMIII,"KAROL G, BECKY G",2,6809,28,716591492.0,151,102,175.0,5,29.0,94,MINOR,9,0
1999-01-01,STILL D.R.E.,"DR. DRE, SNOOP DOGG",2,33966,0,1210599487.0,141,78,6.591,1,0.0,93,MAJOR,18,0
2022-02-11,STAY ALIVE (PROD. SUGA OF BTS),JUNG KOOK,1,590,5,246376690.0,4,113,20.0,0,1.0,130,MINOR,30,0
2022-02-11,BOYFRIEND,DOVE CAMERON,1,3766,0,496311364.0,76,0,102.0,0,2.0,180,MINOR,23,0
2022-02-11,THE JOKER AND THE QUEEN (FEAT. TAYLOR SWIFT),"ED SHEERAN, TAYLOR SWIFT",2,1430,0,146789379.0,46,1,34.0,0,0.0,134,MAJOR,92,0
1999-01-01,THE NEXT EPISODE,"DR. DRE, SNOOP DOGG",2,31762,0,843309044.0,142,40,5.451,1,953.0,95,MINOR,3,0
2022-01-19,LIGHT SWITCH,CHARLIE PUTH,1,4049,0,500340342.0,119,6,85.0,1,1.0,184,MAJOR,11,0
2022-02-11,CITY OF GODS,"KANYE WEST, ALICIA KEYS, FIVIO FOREIGN",3,2096,0,107255472.0,34,3,30.0,0,0.0,147,MINOR,10,0
2022-02-02,BRIVIDI,"MAHMOOD, BLANCO",2,1175,0,135079152.0,34,1,31.0,0,0.0,123,MAJOR,40,0
2012-01-01,LOST,FRANK OCEAN,1,29499,11,822239726.0,124,27,587.0,0,4.0,123,MINOR,3,0
2002-01-01,IN DA CLUB,50 CENT,1,30427,7,1202722675.0,235,106,5.221,1,35.0,90,MINOR,26,0
2022-02-04,SHE'S ALL I WANNA BE,TATE MCRAE,1,2711,0,343197054.0,105,12,51.0,0,12.0,160,MINOR,1,0
2013-08-16,GINSENG STRIP 2002,YUNG LEAN,1,4310,0,240769997.0,13,0,113.0,1,3.0,115,MAJOR,8,0
2019-08-04,ALL FOR US - FROM THE HBO ORIGINAL SERIES EUPHORIA,"LABRINTH, ZENDAYA",2,5342,0,426204830.0,33,123,7.0,0,4.0,141,MAJOR,2,0
2016-08-05,NOTION,THE RARE OCCASIONS,1,2393,0,421135627.0,22,13,65.0,0,6.0,160,MAJOR,7,0
2019-10-04,FORMULA,LABRINTH,1,3444,7,554875730.0,24,85,102.0,0,1.0,145,MAJOR,4,6
2019-06-21,MOUNT EVEREST,LABRINTH,1,5443,0,467727006.0,45,1,80.0,0,12.0,89,MINOR,23,8
2020-07-24,EXCUSES,"INTENSE, AP DHILLON, GURINDER GILL",3,272,4,327498031.0,7,21,2.0,0,0.0,95,MINOR,8,0
2021-12-10,CIGARETTES,JUICE WRLD,1,975,0,185408548.0,11,0,10.0,0,0.0,160,MAJOR,3,0
2022-01-14,"CAYÏ¿½Ï¿½ LA NOCHE (FEAT. CRUZ CAFUNÏ¿½Ï¿½, ABHIR HATHI, BEJO, EL IMA)","QUEVEDO, LA PANTERA, JUSEPH, CRUZ CAFUNÏ¿½Ï¿½, BÏ¿½Ï¿½JO, ABHIR HATHI",7,1034,1,245400167.0,19,5,12.0,0,0.0,174,MINOR,44,0
1995-12-28,CALIFORNIA LOVE - ORIGINAL VERSION (EXPLICIT),"DR. DRE, 2PAC, ROGER",3,18773,0,579395142.0,128,17,1.663,0,0.0,92,MAJOR,3,0
1999-01-01,FORGOT ABOUT DRE,"EMINEM, DR. DRE",2,19067,0,675039469.0,78,15,1.674,0,3.0,134,MAJOR,9,0
2021-11-19,DOWN UNDER (FEAT. COLIN HAY),"LUUDE, COLIN HAY",2,3541,2,252871192.0,57,13,50.0,1,7.0,172,MINOR,1,0
2021-12-17,MUJERIEGO,RYAN CASTRO,1,1492,0,231996128.0,44,63,91.0,0,24.0,80,MAJOR,6,0
2017-03-30,HUMBLE.,KENDRICK LAMAR,1,33206,1,1929770265.0,284,114,1.481,0,5.0,150,MINOR,0,0
1999-11-21,STAN,"EMINEM, DIDO",2,17115,0,918915401.0,83,63,4.18,0,0.0,80,MINOR,4,0
2020-01-16,CONTECTION,"GODZZ__-, ZAKARIA",2,6955,0,1180896317.0,65,45,398.0,0,1.0,166,MINOR,14,0
2017-10-04,SWIM,CHASE ATLANTIC,1,2742,0,498960285.0,5,1,62.0,0,0.0,120,MAJOR,27,0
2020-02-29,A TU MERCED,BAD BUNNY,1,4214,11,685071800.0,21,20,40.0,0,0.0,92,MAJOR,17,0
2022-01-28,NUMB LITTLE BUG,EM BEIHOLD,1,2026,0,258714692.0,47,3,42.0,12,6.0,85,MINOR,30,0
2022-01-15,212,"MAINSTREET, CHEFIN",2,352,0,143139338.0,10,0,39.0,0,0.0,154,MINOR,66,0
2021-10-22,PROBLEMÏ¿½,"ALVARO DIAZ, RAUW ALEJANDRO",2,1517,0,209768491.0,42,7,15.0,0,4.0,92,MINOR,28,0
2022-02-11,BUSSIN,"NICKI MINAJ, LIL BABY",2,847,0,64714573.0,25,0,14.0,0,0.0,140,MAJOR,6,0
2022-02-11,WORST DAY,FUTURE,1,910,0,50746620.0,20,3,24.0,0,0.0,89,MAJOR,11,0
2022-01-28,MALVADA,ZÏ¿½Ï¿½ FE,1,601,0,154119539.0,28,73,64.0,0,0.0,135,MINOR,16,0
2021-11-19,HRS AND HRS,MUNI LONG,1,1800,0,181328253.0,43,36,46.0,13,4.0,140,MINOR,60,0
2015-07-24,ALIEN BLUES,VUNDABAR,1,1930,0,370068639.0,3,0,28.0,0,1.0,82,MAJOR,8,91
2014-01-01,THINKING OUT LOUD,ED SHEERAN,1,33032,0,2280566092.0,363,129,3.895,0,28.0,79,MAJOR,47,0
2019-10-04,STILL DON'T KNOW MY NAME,LABRINTH,1,6332,0,563902868.0,47,116,266.0,0,0.0,88,MAJOR,47,27
2021-12-24,CHRISTMAS TREE,V,1,509,9,317622165.0,8,106,6.0,0,8.0,139,MAJOR,70,0
2022-01-14,MAL FEITO - AO VIVO,"MARÏ¿½Ï¿½LIA MENDONÏ¿½Ï¿½A, HUGO & G",2,971,2,291709698.0,35,104,93.0,1,0.0,124,MINOR,55,0
2019-10-04,WHEN I R.I.P.,LABRINTH,1,2578,0,203680270.0,8,67,66.0,0,0.0,80,MINOR,73,0
2022-02-04,DO WE HAVE A PROBLEM?,"NICKI MINAJ, LIL BABY",2,1064,0,81350745.0,42,1,26.0,0,0.0,120,MINOR,47,0
2019-10-04,FOREVER,LABRINTH,1,3618,0,282883169.0,21,86,138.0,0,2.0,80,MINOR,92,72
2022-02-04,GOSPEL (WITH EMINEM),"EMINEM, DR. DRE",2,1040,0,64787943.0,8,0,29.0,0,0.0,117,MAJOR,11,0
2019-06-19,SEÏ¿½Ï¿½O,"SHAWN MENDES, CAMILA CABELLO",2,15010,2,2484812918.0,453,50,1.785,1,8.0,117,MINOR,4,0
2019-05-16,NEW MAGIC WAND,"TYLER, THE CREATOR",2,4708,0,461437791.0,13,7,55.0,0,1.0,140,MINOR,10,0
2019-12-06,ADORE YOU,HARRY STYLES,1,13454,1,1439191367.0,246,71,519.0,2,5.0,99,MAJOR,2,0
2020-02-29,LA SANTA,"DADDY YANKEE, BAD BUNNY",2,4890,20,759208783.0,52,42,100.0,0,0.0,93,MAJOR,3,0
1991-09-24,SOMETHING IN THE WAY - REMASTERED 2021,NIRVANA,1,9514,0,368646862.0,45,27,1.197,0,43.0,106,MAJOR,74,42
2022-03-11,SWEETEST PIE,"DUA LIPA, MEGAN THEE STALLION",2,3501,0,299634472.0,69,2,51.0,11,0.0,124,MAJOR,17,0
2022-03-04,BAM BAM (FEAT. ED SHEERAN),"CAMILA CABELLO, ED SHEERAN",2,6111,4,756907987.0,185,40,492.0,9,35.0,95,MAJOR,18,0
2022-01-21,UNA NOCHE EN MEDELLÏ¿½,CRIS MJ,1,5415,32,682475162.0,46,16,53.0,1,2.0,96,MINOR,10,0
2021-11-11,ENVOLVER,ANITTA,1,4673,2,546191065.0,123,113,180.0,1,4.0,92,MINOR,15,0
2022-03-03,STARLIGHT,DAVE,1,1856,3,229473310.0,29,40,31.0,1,1.0,124,MAJOR,35,0
2022-03-03,HATI-HATI DI JALAN,TULUS,1,200,2,202677468.0,12,4,0.0,0,0.0,72,MAJOR,70,9
2022-02-04,"I'M TIRED - FROM ""EUPHORIA"" AN ORIGINAL HBO SERIES",LABRINTH,1,1888,0,121913181.0,26,1,58.0,0,0.0,71,MINOR,19,0
2022-02-01,DANÏ¿½Ï¿½A,"MC PEDRINHO, PEDRO SAMPAIO",2,911,2,208166039.0,45,0,99.0,1,1.0,135,MINOR,4,0
2004-05-04,YO VOY (FEAT. DADDY YANKEE),ZION & LENNOX,1,2954,2,527033089.0,18,82,0.0,0,5.0,95,MAJOR,4,0
2022-03-03,"RESIDENTE: BZRP MUSIC SESSIONS, VOL. 49","RESIDENTE, BIZARRAP",2,461,0,94616487.0,7,11,13.0,0,0.0,71,MINOR,56,0
2021-04-30,JORDAN,RYAN CASTRO,1,2844,2,394030335.0,29,2,35.0,1,0.0,180,MINOR,6,0
2022-02-18,NAIL TECH,JACK HARLOW,1,2939,0,193443895.0,42,0,24.0,0,0.0,150,MINOR,0,0
2022-02-18,CHALE,EDEN MUÏ¿½Ï,1,695,11,299648208.0,16,41,13.0,1,1.0,189,MAJOR,40,0
2022-02-15,DARARI,TREASURE,1,328,0,182978249.0,10,21,7.0,0,9.0,85,MAJOR,49,0
2022-02-18,YA NO SOMOS NI SEREMOS,CHRISTIAN NODAL,1,866,16,319757142.0,27,84,32.0,7,11.0,140,MAJOR,44,0
2013-07-16,THINKING WITH MY DICK,"KEVIN GATES, JUICY J",2,1550,0,109091573.0,0,0,14.0,0,0.0,81,MAJOR,6,0
2022-02-25,FREAKY DEAKY,"TYGA, DOJA CAT",2,1729,0,153240879.0,26,1,19.0,0,0.0,104,MINOR,2,0
2021-09-03,THIS IS WHAT FALLING IN LOVE FEELS LIKE,JVKE,1,2005,0,346127840.0,16,5,43.0,0,7.0,129,MAJOR,62,0
2020-02-29,LA ZONA,BAD BUNNY,1,1188,0,312622938.0,13,1,15.0,0,1.0,94,MINOR,20,0
1975-10-31,BOHEMIAN RHAPSODY - REMASTERED 2011,QUEEN,1,40112,3,2197010679.0,321,162,5.691,8,17.0,71,MINOR,27,0
2018-03-16,HOPE,XXXTENTACION,1,3659,0,1200808494.0,11,10,267.0,0,7.0,146,MINOR,66,0
2020-03-27,LEVITATING,DUA LIPA,1,9833,0,797196073.0,233,82,531.0,1,1.0,103,MINOR,5,0
2013-01-01,WAKE ME UP - RADIO EDIT,AVICII,1,50887,34,1970673297.0,315,160,6.284,1,46.0,124,MAJOR,0,0
2021-05-21,"JEALOUSY, JEALOUSY",OLIVIA RODRIGO,1,3257,0,665765558.0,10,0,70.0,0,0.0,164,MINOR,24,0
2021-09-10,MONÏ¿½Ï¿½Y SO,YEAT,1,1473,0,263779030.0,2,0,12.0,0,10.0,138,MAJOR,12,0
2020-10-08,DEMASIADAS MUJERES,C. TANGANA,1,2226,0,339473453.0,36,2,11.0,0,14.0,126,MINOR,13,0
2017-02-22,SOMETHING JUST LIKE THIS,"THE CHAINSMOKERS, COLDPLAY",2,23375,21,2204080728.0,336,188,2.692,3,30.0,103,MINOR,3,0
2016-05-31,CLOSER,"THE CHAINSMOKERS, HALSEY",2,28032,0,2591224264.0,315,159,2.179,0,44.0,95,MAJOR,41,0
2022-02-22,O.O,NMIXX,1,290,0,135444283.0,9,66,10.0,0,0.0,200,MINOR,4,0
2011-01-01,SOMEBODY THAT I USED TO KNOW,"GOTYE, KIMBRA",2,42798,0,1457139296.0,217,136,6.508,1,0.0,129,MAJOR,54,0
2019-06-28,TOM'S DINER,"ANNENMAYKANTEREIT, GIANT ROOKS",2,2605,0,236872197.0,15,48,50.0,0,3.0,98,MINOR,38,0
2022-04-08,FIRST CLASS,JACK HARLOW,1,8737,0,694525298.0,163,32,137.0,15,12.0,107,MAJOR,3,0
2022-03-23,PLAN A,PAULO LONDRA,1,1105,0,240661097.0,32,0,19.0,0,0.0,174,MAJOR,5,0
2022-02-17,FUERA DEL MERCADO,DANNY OCEAN,1,2499,21,421365166.0,68,24,43.0,1,0.0,92,MAJOR,32,0
2022-03-25,X Ï¿½Ï¿½LTIMA,"DADDY YANKEE, BAD BUNNY",2,2697,1,349746291.0,55,3,32.0,0,0.0,90,MAJOR,9,0
2022-03-31,WHEN YOU'RE GONE,SHAWN MENDES,1,2092,0,255120451.0,75,11,44.0,0,14.0,147,MAJOR,2,0
2022-04-01,IN MY HEAD,LIL TJAY,1,1185,0,190981339.0,21,0,31.0,0,0.0,143,MAJOR,16,0
2015-01-11,WAIT A MINUTE!,WILLOW,1,11985,0,924193303.0,79,80,250.0,3,10.0,101,MINOR,3,0
2022-04-05,LOVE DIVE,IVE,1,753,8,305771063.0,28,124,13.0,0,1.0,118,MINOR,0,0
2022-03-18,PANTYSITO,"FEID, ALEJO, ROBI",3,2995,0,273005485.0,49,17,30.0,0,0.0,98,MINOR,14,0
2022-04-06,CHANCE,PAULO LONDRA,1,225,0,89566512.0,11,0,7.0,0,0.0,138,MINOR,24,0
2015-01-01,COOL FOR THE SUMMER,DEMI LOVATO,1,9243,0,677389855.0,155,5,577.0,0,6.0,114,MINOR,1,0
2022-04-07,PSYCHOFREAK (FEAT. WILLOW),"CAMILA CABELLO, WILLOW",2,918,0,75476209.0,24,0,52.0,0,0.0,180,MINOR,34,0
2021-09-09,ANGEL BABY,TROYE SIVAN,1,1959,9,408843328.0,52,25,32.0,0,10.0,145,MAJOR,1,0
2022-01-30,VAMPIRO,"MATUÏ¿½Ï¿½, WIU,",3,540,4,187772591.0,26,3,39.0,0,0.0,115,MINOR,1,0
2022-03-31,SI QUIEREN FRONTEAR,"DE LA GHETTO, DUKI, QUEVEDO",3,859,0,178512385.0,14,0,11.0,0,0.0,82,MAJOR,13,0
2022-04-08,RIGHT ON,LIL BABY,1,1116,0,101780047.0,31,9,15.0,0,1.0,166,MAJOR,2,0
2022-03-30,ME ARREPENTÏ¿,"AK4:20, CRIS MJ, PAILITA",3,273,2,118381354.0,12,2,4.0,0,0.0,92,MAJOR,29,0
2022-04-08,THAT'S HILARIOUS,CHARLIE PUTH,1,686,2,146363130.0,11,6,12.0,0,15.0,108,MAJOR,74,0
2022-03-25,SOY EL UNICO,YAHRITZA Y SU ESENCIA,1,226,0,126443991.0,5,0,4.0,0,1.0,84,MINOR,45,0
2022-03-25,RUMBATÏ¿½,DADDY YANKEE,1,1264,0,157990698.0,20,4,52.0,0,1.0,95,MINOR,6,0
2022-03-17,SENTADONA (REMIX) S2,"LUÏ¿½Ï¿½SA SONZA, MC FROG, DJ GABRIEL DO BOREL, DAVI K",4,870,0,176290831.0,32,0,49.0,0,0.0,135,MINOR,25,0
2019-12-13,FALLING,HARRY STYLES,1,7556,0,1023187129.0,124,24,254.0,0,8.0,110,MAJOR,84,0
1996-11-24,SIGUE,"ED SHEERAN, J BALVIN",2,1370,0,106933107.0,46,8,60.0,0,0.0,88,MAJOR,5,0
2022-03-30,FIM DE SEMANA NO RIO,TETO,1,315,2,139193812.0,27,2,31.0,0,0.0,119,MINOR,12,0
2022-03-18,MANIAC,STRAY KIDS,1,651,0,212234990.0,6,188,20.0,0,0.0,120,MAJOR,15,0
2016-09-23,THERE'S NOTHING HOLDIN' ME BACK,SHAWN MENDES,1,12382,0,1714490998.0,229,57,1.37,2,71.0,122,MAJOR,36,0
2022-03-18,IDGAF (WITH BLACKBEAR),"BLACKBEAR, BOYWITHUKE",2,625,0,197643795.0,10,2,13.0,0,1.0,98,MAJOR,41,0
2019-12-13,GOLDEN,HARRY STYLES,1,8429,1,807015863.0,85,24,200.0,0,2.0,140,MINOR,21,0
2013-01-01,GET LUCKY - RADIO EDIT,"PHARRELL WILLIAMS, NILE RODGERS, DAFT PUNK",3,52898,0,933815613.0,203,1,8.215,0,0.0,116,MINOR,4,0
2021-06-25,AIN'T SHIT,DOJA CAT,1,3436,0,499710590.0,32,6,46.0,0,1.0,124,MAJOR,51,0
2022-02-25,"NOBODY LIKE U - FROM ""TURNING RED""","JORDAN FISHER, JOSH LEVI, FINNEAS O'CONNELL, 4*TOWN (FROM DISNEY AND PIXARÏ¿½Ï¿½Ï¿½S TURNING RED), TOPHER NGO, GRAYSON VILL",6,918,0,120847157.0,34,39,30.0,0,0.0,105,MINOR,13,0
2022-04-05,STILL LIFE,BIGBANG,1,181,0,53909146.0,16,14,7.0,0,0.0,118,MAJOR,44,0
2014-06-20,PHOTOGRAPH,ED SHEERAN,1,18778,3,2236667932.0,228,105,2.453,0,84.0,108,MAJOR,61,0
2015-11-09,LOVE YOURSELF,JUSTIN BIEBER,1,22730,5,2123309722.0,289,87,2.43,0,36.0,100,MAJOR,84,0
2022-05-13,N95,KENDRICK LAMAR,1,5542,0,301242089.0,52,16,65.0,0,206.0,140,MINOR,38,0
2022-04-14,ABOUT DAMN TIME,LIZZO,1,9021,0,723894473.0,242,49,272.0,21,24.0,109,MINOR,10,0
2022-05-13,DIE HARD,"KENDRICK LAMAR, BLXST, AMANDA REIFER",3,4627,0,237351106.0,38,13,32.0,0,0.0,101,MINOR,36,0
2022-05-06,DESPUÏ¿½Ï¿½S DE LA P,BAD BUNNY,1,2229,0,461558540.0,27,44,24.0,0,5.0,78,MAJOR,36,0
2022-05-06,UN RATITO,BAD BUNNY,1,1112,6,417230415.0,7,30,13.0,1,1.0,93,MINOR,31,0
2022-05-13,UNITED IN GRIEF,KENDRICK LAMAR,1,2575,0,156898322.0,4,5,12.0,0,51.0,87,MAJOR,24,0
2022-05-13,FATHER TIME (FEAT. SAMPHA),"KENDRICK LAMAR, SAMPHA",2,3107,0,127309180.0,4,0,22.0,0,0.0,153,MINOR,19,0
2022-05-06,YO NO SOY CELOSO,BAD BUNNY,1,1179,0,313113297.0,7,21,11.0,0,0.0,142,MAJOR,28,0
2022-05-13,RICH SPIRIT,KENDRICK LAMAR,1,3486,0,173702135.0,20,10,33.0,0,0.0,96,MINOR,39,0
2022-05-12,COOPED UP (WITH RODDY RICCH),"POST MALONE, RODDY RICCH",2,2942,0,271666301.0,42,28,43.0,0,0.0,125,MAJOR,4,0
2022-05-06,ME FUI DE VACACIONES,BAD BUNNY,1,1443,0,305650299.0,9,11,22.0,1,0.0,85,MAJOR,23,0
2022-05-13,SILENT HILL,"KENDRICK LAMAR, KODAK BLACK",2,3028,0,123216717.0,22,0,23.0,0,0.0,140,MINOR,46,0
2022-05-06,LA CORRIENTE,"TONY DIZE, BAD BUNNY",2,1796,8,479655659.0,8,25,18.0,1,0.0,196,MINOR,23,0
2022-05-13,COUNT ME OUT,KENDRICK LAMAR,1,2729,0,126191104.0,3,7,13.0,0,1.0,134,MAJOR,69,0
2022-05-06,ANDREA,"BUSCABULLA, BAD BUNNY",2,1195,0,344055883.0,8,30,13.0,1,1.0,103,MINOR,76,0
2022-05-06,DOS MIL 16,BAD BUNNY,1,892,3,338422004.0,10,24,11.0,0,0.0,130,MAJOR,12,0
2022-05-13,WE CRY TOGETHER,"KENDRICK LAMAR, TAYLOUR PAIGE",2,1635,0,68895644.0,4,1,6.0,0,0.0,108,MAJOR,31,0
2022-05-13,SAVIOR,"KENDRICK LAMAR, SAM DEW, BABY KEEM",3,2291,0,86176890.0,9,0,8.0,0,0.0,123,MAJOR,53,0
2022-05-06,UN COCO,BAD BUNNY,1,1029,28,403231558.0,5,28,9.0,0,0.0,152,MAJOR,21,0
2022-05-06,OTRO ATARDECER,"BAD BUNNY, THE MARÏ¿½Ï",2,1681,7,319546754.0,10,30,13.0,0,33.0,108,MAJOR,59,0
2022-05-13,WORLDWIDE STEPPERS,KENDRICK LAMAR,1,1480,0,61739839.0,1,0,5.0,0,0.0,72,MINOR,76,0
2022-05-06,AGUACERO,BAD BUNNY,1,829,0,283359161.0,4,15,10.0,0,0.0,121,MINOR,42,0
2022-05-13,PURPLE HEARTS,"KENDRICK LAMAR, GHOSTFACE KILLAH, SUMMER WALKER",3,2308,0,76831876.0,7,0,7.0,0,0.0,138,MINOR,19,0
2022-05-06,UN VERANO SIN TI,BAD BUNNY,1,1004,1,283332261.0,8,12,9.0,0,0.0,188,MINOR,69,0
2022-02-14,ULTRA SOLO,"POLIMA WESTCOAST, PAILITA",2,1367,0,307752576.0,48,4,34.0,1,0.0,110,MAJOR,23,0
2022-05-06,ENSÏ¿½Ï¿½Ï¿½Ï¿½AME,BAD BUNNY,1,1112,3,279737940.0,7,25,12.0,0,0.0,105,MAJOR,19,0
2022-05-06,EL APAGÏ¿½,BAD BUNNY,1,1209,0,212351890.0,9,7,14.0,0,1.0,118,MAJOR,5,0
2019-05-31,CALLAITA,"BAD BUNNY, TAINY",2,9539,15,1304313953.0,162,116,355.0,7,0.0,176,MAJOR,60,0
2022-05-06,DUA LIPA,JACK HARLOW,1,1992,0,150500965.0,35,0,3.0,0,0.0,158,MAJOR,0,10
2022-05-06,AGOSTO,BAD BUNNY,1,897,0,246127838.0,6,20,8.0,0,0.0,115,MINOR,9,0
2016-01-15,HOUSE OF MEMORIES,PANIC! AT THE DISCO,1,2948,0,582863434.0,10,2,150.0,0,0.0,110,MINOR,0,0
2022-05-13,MR. MORALE,"KENDRICK LAMAR, TANNA LEONE",2,1860,0,58687425.0,1,0,3.0,0,0.0,174,MAJOR,30,0
2022-04-29,THAT THAT (PROD. & FEAT. SUGA OF BTS),"PSY, SUGA",2,802,0,212109195.0,16,81,23.0,0,0.0,130,MAJOR,3,0
2022-04-29,IN THE STARS,BENSON BOONE,1,2224,8,382199619.0,48,40,87.0,1,210.0,78,MAJOR,34,0
2022-05-13,RICH - INTERLUDE,KENDRICK LAMAR,1,1103,0,41210087.0,0,0,0.0,0,0.0,104,MAJOR,88,0
2022-05-13,SUPERMODEL,MÏ¿½Ï¿½NE,1,2265,0,231657891.0,93,12,173.0,11,3.0,121,MAJOR,0,0
2022-03-10,STEFANIA (KALUSH ORCHESTRA),KALUSH,1,555,0,53729194.0,10,4,4.0,0,0.0,105,MAJOR,14,0
2022-04-22,THOUSAND MILES,THE KID LAROI,1,2050,0,244741137.0,52,9,46.0,0,1.0,81,MAJOR,9,0
2022-05-13,CROWN,KENDRICK LAMAR,1,1493,0,42485571.0,2,0,10.0,0,0.0,170,MINOR,80,0
2022-05-13,AUNTIE DIARIES,KENDRICK LAMAR,1,1545,0,37778188.0,1,0,4.0,0,0.0,78,MAJOR,76,1
2022-04-29,PUFFIN ON ZOOTIEZ,FUTURE,1,2350,0,254218729.0,28,42,23.0,0,0.0,125,MAJOR,6,0
2022-05-13,MIRROR,KENDRICK LAMAR,1,1929,0,53603447.0,2,0,4.0,0,0.0,92,MINOR,23,0
2022-04-22,BEAUTIFUL GIRL,LUCIANO,1,710,4,160035717.0,16,11,18.0,0,0.0,140,MINOR,31,0
2022-04-25,"PAULO LONDRA: BZRP MUSIC SESSIONS, VOL. 23","BIZARRAP, PAULO LONDRA",2,928,0,164163229.0,19,0,7.0,0,0.0,96,MAJOR,25,0
2022-05-13,SAVIOR - INTERLUDE,KENDRICK LAMAR,1,1194,0,37091576.0,0,0,3.0,0,0.0,118,MINOR,84,0
2022-02-06,PASOORI,"SHAE GILL, ALI SETHI",2,349,6,284249832.0,10,22,3.0,0,0.0,92,MINOR,7,0
2022-05-13,MOTHER I SOBER (FEAT. BETH GIBBONS OF PORTISHEAD),"KENDRICK LAMAR, BETH GIBBONS",2,1890,0,33381454.0,3,0,2.0,0,0.0,140,MINOR,87,0
2022-04-01,TUS LÏ¿½Ï¿½GR,"SECH, MORA",2,1308,2,184622518.0,23,16,9.0,0,5.0,174,MAJOR,18,0
2022-01-26,WHERE DID YOU GO?,"MNEK, JAX JONES",2,4531,0,300983101.0,135,74,119.0,1,18.0,127,MAJOR,19,0
2022-05-06,I TRIED TO TELL Y'ALL,"UGLY DRAY, TESLA JNR",2,1657,0,121077868.0,15,3,3.0,0,0.0,96,MAJOR,62,0
2022-04-29,HONEST (FEAT. DON TOLIVER),"JUSTIN BIEBER, DON TOLIVER",2,1351,0,106919680.0,26,1,17.0,0,0.0,150,MINOR,13,0
2022-04-13,ZOOM,JESSI,1,608,0,136996305.0,5,29,14.0,0,0.0,100,MAJOR,1,0
2021-12-24,SLOMO,CHANEL,1,1211,0,65719930.0,31,0,19.0,0,2.0,105,MINOR,13,0
2022-05-02,FEARLESS,LE SSERAFIM,1,629,0,229497852.0,18,75,9.0,0,0.0,104,MAJOR,5,0
2022-03-23,10 THINGS I HATE ABOUT YOU,LEAH KATE,1,1301,0,185550869.0,23,1,15.0,0,0.0,154,MAJOR,1,0
2022-02-22,SPACE MAN,SAM RYDER,1,1329,0,54682594.0,42,51,32.0,0,0.0,80,MAJOR,18,0
2022-04-24,WITH YOU,"HA SUNG WOON, JIMIN",2,343,2,240580042.0,4,35,11.0,1,1.0,150,MAJOR,64,0
1998-03-31,IRIS,THE GOO GOO DOLLS,1,13101,9,1284942608.0,137,5,582.0,0,0.0,156,MINOR,0,0
2022-05-08,THE HEART PART 5,KENDRICK LAMAR,1,2939,0,71423324.0,29,0,30.0,0,0.0,98,MINOR,18,0
2019-11-07,SAN LUCAS,KEVIN KAARL,1,407,1,244891912.0,5,0,5.0,0,0.0,92,MAJOR,86,0
2022-05-06,THIS LOVE (TAYLORÏ¿½Ï¿½Ï¿½S VE,TAYLOR SWIFT,1,1492,0,132171975.0,26,2,15.0,0,2.0,144,MAJOR,32,0
2017-10-20,GOOD LOOKING,SUKI WATERHOUSE,1,2264,0,184706613.0,11,6,25.0,0,1.0,150,MAJOR,8,0
2021-08-09,FLOWERS,LAUREN SPENCER SMITH,1,801,0,184826429.0,42,9,24.0,1,1.0,138,MAJOR,84,0
2022-06-10,YET TO COME,BTS,1,829,0,302006641.0,32,110,26.0,0,0.0,172,MAJOR,4,0
2022-06-10,RUN BTS,BTS,1,736,0,330881149.0,5,132,17.0,0,3.0,77,MAJOR,2,0
2022-05-20,MUSIC FOR A SUSHI RESTAURANT,HARRY STYLES,1,4449,1,334733572.0,80,11,66.0,0,1.0,107,MAJOR,26,6
2022-05-20,MATILDA,HARRY STYLES,1,3218,3,366214458.0,29,10,79.0,0,0.0,114,MAJOR,90,0
2022-06-10,FOR YOUTH,BTS,1,327,0,114546317.0,5,40,12.0,0,0.0,117,MAJOR,43,0
2022-05-20,DAYLIGHT,HARRY STYLES,1,2775,0,290833204.0,21,11,40.0,0,0.0,146,MAJOR,48,0
2022-05-06,VEGAS (FROM THE ORIGINAL MOTION PICTURE SOUNDTRACK ELVIS),DOJA CAT,1,4576,0,448500832.0,79,13,93.0,0,17.0,160,MINOR,8,0
2022-06-10,CASH IN CASH OUT,"PHARRELL WILLIAMS, TYLER, THE CREATOR, 21 SAVAGE",4,2313,0,136676504.0,34,0,29.0,0,0.0,120,MAJOR,1,0
2022-05-27,POTION (WITH DUA LIPA & YOUNG THUG),"CALVIN HARRIS, DUA LIPA, YOUNG THUG",3,3983,0,190625045.0,73,45,119.0,0,0.0,100,MINOR,16,0
2022-06-10,BORN SINGER,BTS,1,279,0,79095270.0,0,18,6.0,0,0.0,158,MINOR,4,0
2022-05-20,LITTLE FREAK,HARRY STYLES,1,2302,0,273194684.0,20,3,39.0,0,0.0,142,MAJOR,72,0
2022-05-20,LA LLEVO AL CIELO (FT. Ï¿½Ï¿½ENGO F,"NENGO FLOW, ANUEL AA, CHRIS JEDI, CHENCHO CORLEONE",4,3559,3,333146475.0,36,1,31.0,0,1.0,170,MINOR,11,0
2022-05-27,TRUE LOVE,"KANYE WEST, XXXTENTACION",2,2129,0,194902696.0,23,1,44.0,1,0.0,84,MINOR,2,0
2022-05-20,SATELLITE,HARRY STYLES,1,3291,5,311482393.0,43,28,79.0,0,208.0,139,MAJOR,14,0
1982-01-01,PASS THE DUTCHIE,MUSICAL YOUTH,1,5328,0,195918494.0,54,76,900.0,0,0.0,151,MAJOR,20,0
2022-06-08,"VILLANO ANTILLANO: BZRP MUSIC SESSIONS, VOL. 51","BIZARRAP, VILLANO ANTILLANO",2,1401,0,248511839.0,26,16,17.0,0,1.0,128,MINOR,6,0
2022-05-20,LOVE OF MY LIFE,HARRY STYLES,1,1933,0,233671263.0,13,2,31.0,0,0.0,118,MAJOR,67,0
2022-05-20,GRAPEJUICE,HARRY STYLES,1,1986,0,199587884.0,7,1,15.0,0,0.0,183,MAJOR,36,14
2022-06-09,SO GOOD,HALSEY,1,1057,0,91781263.0,51,14,19.0,0,0.0,83,MINOR,4,0
2022-02-18,BELLY DANCER,"BYOR, IMANBEK",2,5115,13,383835984.0,109,38,301.0,1,33.0,122,MAJOR,6,0
2022-05-20,KEEP DRIVING,HARRY STYLES,1,2094,1,236060709.0,8,1,18.0,0,0.0,165,MAJOR,32,0
2022-05-20,CINEMA,HARRY STYLES,1,2171,0,189236868.0,18,1,28.0,0,0.0,106,MINOR,35,5
2022-05-25,DIE YOUNG (FEAT. 347AIDAN),"SLEEPY HALLOW, 347AIDAN",2,896,0,160845341.0,19,0,15.0,0,0.0,77,MAJOR,83,0
2014-01-01,ONLY LOVE CAN HURT LIKE THIS,PALOMA FAITH,1,5148,0,588955257.0,90,22,365.0,0,114.0,91,MAJOR,10,0
2022-05-03,HOLD MY HAND,LADY GAGA,1,2528,0,238350348.0,63,8,270.0,2,105.0,148,MAJOR,5,0
2022-05-20,DAYDREAMING,HARRY STYLES,1,1900,1,187703102.0,15,1,23.0,0,0.0,114,MINOR,31,2
2022-06-10,NUMB,"MARSHMELLO, KHALID",2,3879,2,295307001.0,107,76,86.0,1,9.0,120,MINOR,12,1
2022-06-02,NOS COMEMOS (FEAT. OZUNA),"OZUNA, TIAGO PZK",2,896,0,138334433.0,0,0,2.0,0,0.0,92,MAJOR,10,0
2016-11-10,ME AND YOUR MAMA,CHILDISH GAMBINO,1,8775,0,445590495.0,33,60,107.0,1,0.0,118,MAJOR,1,3
2022-03-18,CRAZY WHAT LOVE CAN DO,"DAVID GUETTA, ELLA HENDERSON, BECKY HILL",3,5290,0,286739476.0,139,73,142.0,0,5.0,123,MINOR,3,0
2018-09-12,SLOW DANCING IN THE DARK,JOJI,1,10211,0,1122364376.0,38,79,65.0,0,1.0,89,MAJOR,54,1
2022-06-02,ANTES DE PERDERTE,DUKI,1,584,8,157136970.0,12,1,8.0,0,1.0,110,MINOR,49,0
2022-05-20,BOYFRIENDS,HARRY STYLES,1,1517,0,137070925.0,26,2,30.0,0,0.0,118,MAJOR,94,0
2021-05-15,295,SIDHU MOOSE WALA,1,246,4,183273246.0,4,106,0.0,0,7.0,90,MINOR,21,0
2022-05-13,TAK INGIN USAI,KEISYA LEVRONKA,1,220,4,184807630.0,16,5,0.0,0,6.0,130,MAJOR,82,0
2022-05-13,EN EL RADIO UN COCHINERO,VICTOR CIBRIAN,1,514,0,164856284.0,5,36,1.0,0,0.0,154,MINOR,47,0
1986-03-03,MASTER OF PUPPETS (REMASTERED),METALLICA,1,6080,0,704171068.0,112,198,406.0,1,0.0,105,MINOR,0,44
2022-06-21,BREAK MY SOUL,BEYONCÏ¿,1,9724,0,354614964.0,222,61,259.0,14,2.0,115,MINOR,4,0
2022-06-16,ULTRA SOLO REMIX,"DE LA GHETTO, FEID, POLIMA WESTCOAST, PALOMA MAMI, PAILITA",5,2341,0,279717388.0,37,2,38.0,2,0.0,110,MAJOR,8,0
2022-06-17,MASSIVE,DRAKE,1,5263,0,195628667.0,66,89,61.0,0,11.0,125,MINOR,12,2
2022-06-10,BETTY (GET MONEY),YUNG GRAVY,1,2402,0,221752937.0,45,2,26.0,0,1.0,102,MAJOR,0,0
2022-02-06,OJOS MARRONES,LASSO,1,795,11,263280370.0,26,18,15.0,1,4.0,120,MINOR,4,0
2022-06-24,POP!,NAYEON,1,571,0,213505179.0,19,21,14.0,0,2.0,97,MAJOR,4,0
2022-03-24,LAYLA,"SCHÏ¿½Ï¿½RZE, DJ R",2,832,3,130419412.0,18,124,24.0,1,0.0,140,MINOR,0,0
2022-07-01,MORE,J-HOPE,1,565,0,155795783.0,6,52,11.0,0,0.0,97,MAJOR,1,0
1987-01-01,SWEET CHILD O' MINE,GUNS N' ROSES,1,41231,1,1553497987.0,228,151,6.72,3,99.0,125,MAJOR,9,11
2022-05-12,LAST LAST,BURNA BOY,1,4526,12,293466523.0,156,275,150.0,3,128.0,88,MINOR,13,0
2022-03-19,SNAP,ROSA LINN,1,1818,0,711366595.0,3,0,63.0,0,353.0,170,MAJOR,11,0
2022-06-17,STICKY,DRAKE,1,2814,0,191448892.0,38,105,25.0,0,2.0,137,MINOR,9,0
2022-07-01,HOT SHIT (FEAT. YE & LIL DURK),"KANYE WEST, LIL DURK, CARDI B",3,1601,0,85924992.0,11,0,2.0,0,0.0,157,MAJOR,0,0
2022-06-03,AI PRETO,"L7NNON, DJ BIEL DO FURDUNCINHO, BIANCA",3,894,4,176103902.0,28,0,54.0,0,0.0,130,MAJOR,54,0
2022-07-06,LA LOTO,"ANITTA, TINI, BECKY G",3,945,0,121189256.0,49,3,57.0,0,0.0,90,MAJOR,10,0
2022-06-24,DIE FIRST,NESSA BARRETT,1,767,0,131746175.0,25,0,22.0,0,0.0,183,MINOR,7,0
2022-05-02,AFRAID TO FEEL,LF SYSTEM,1,5898,5,244790012.0,129,55,128.0,0,101.0,128,MAJOR,2,0
2022-06-10,BAILE NO MORRO,"MC VITIN DA IGREJINHA, MC TAIRON, DJ WIN",3,685,2,129314708.0,17,0,24.0,0,30.0,130,MINOR,46,0
2022-08-04,CÏ¿½Ï¿½MO DORMI,RELS B,1,1452,35,331511413.0,16,15,20.0,0,0.0,126,MAJOR,24,0
2022-08-05,BAD DECISIONS (WITH BTS & SNOOP DOGG),"SNOOP DOGG, BTS, BENNY BLANCO",3,1456,0,219196651.0,53,2,33.0,0,0.0,120,MAJOR,2,0
2022-08-05,STAYING ALIVE (FEAT. DRAKE & LIL BABY),"DRAKE, DJ KHALED, LIL BABY",3,2107,0,170732845.0,51,1,50.0,0,0.0,130,MINOR,7,0
2020-12-18,CAILE,LUAR LA L,1,1494,2,273914335.0,17,12,15.0,0,0.0,122,MAJOR,30,0
2022-08-05,SI TE LA ENCUENTRAS POR AHÏ¿,FEID,1,1379,4,179061440.0,23,10,18.0,0,0.0,172,MINOR,15,0
2022-07-20,GIVENCHY,DUKI,1,625,4,185236961.0,13,18,12.0,0,0.0,103,MAJOR,14,0
2022-07-29,ALIEN SUPERSTAR,BEYONCÏ¿,1,2688,0,171788484.0,39,47,36.0,0,0.0,122,MINOR,0,0
2019-09-13,MARY ON A CROSS,GHOST,1,2668,2,387080183.0,38,266,78.0,0,141.0,130,MAJOR,0,0
2022-08-01,ATTENTION,NEWJEANS,1,799,12,264717480.0,14,141,9.0,0,1.0,105,MINOR,24,0
2022-03-11,THE SHADE,REX ORANGE COUNTY,1,1189,6,244928911.0,17,10,16.0,0,4.0,120,MAJOR,39,0
2022-07-12,"COME BACK HOME - FROM ""PURPLE HEARTS""",SOFIA CARSON,1,367,0,97610446.0,28,67,195.0,0,0.0,145,MAJOR,24,0
2022-07-22,EL RESCATE,"GRUPO MARCA REGISTRADA, JUNIOR H",2,527,4,287278853.0,10,43,3.0,1,0.0,99,MINOR,28,0
2008-01-01,HEARTLESS,KANYE WEST,1,17504,34,887906111.0,63,39,1.315,0,2.0,88,MINOR,5,0
2022-07-15,"STAY WITH ME (WITH JUSTIN TIMBERLAKE, HALSEY, & PHARRELL)","CALVIN HARRIS, HALSEY, PHARRELL WILLIAMS, JUSTIN TIMBERLAKE",4,3113,0,123473120.0,54,6,124.0,1,0.0,126,MAJOR,28,0
2022-08-15,SIEMPRE PENDIENTES,"PESO PLUMA, LUIS R CONRIQUEZ",2,685,5,295152154.0,15,79,4.0,2,0.0,136,MAJOR,33,1
2022-02-18,JGL,"LUIS R CONRIQUEZ, LA ADICTIVA",2,782,9,323455692.0,15,33,6.0,1,0.0,113,MAJOR,55,0
2022-06-16,DON'T YOU WORRY,"DAVID GUETTA, SHAKIRA, BLACK EYED PEAS",3,2442,0,240918092.0,81,4,248.0,1,6.0,132,MAJOR,20,0
2022-05-20,PIPOCO,"MELODY, ANA CASTELA, DJ CHRIS NO BEAT",3,1112,4,191873381.0,22,2,65.0,1,3.0,135,MAJOR,47,0
2017-11-10,HOLD ME CLOSER,"ELTON JOHN, BRITNEY SPEARS",2,4967,0,284216603.0,165,10,177.0,4,73.0,126,MAJOR,11,0
2022-09-09,FORGET ME,LEWIS CAPALDI,1,2520,4,239411309.0,93,95,84.0,9,202.0,102,MINOR,30,0
2022-08-22,AFTER LIKE,IVE,1,767,12,265548837.0,20,129,11.0,0,12.0,125,MAJOR,10,0
2013-01-01,BOUND 2,KANYE WEST,1,19806,7,703301727.0,33,11,274.0,0,0.0,149,MAJOR,14,0
2022-06-15,B.O.T.A. (BADDEST OF THEM ALL) - EDIT,"INTERPLANETARY CRIMINAL, ELIZA ROSE",2,5153,6,244585109.0,102,53,113.0,12,0.0,137,MAJOR,24,61
2022-08-26,TALK THAT TALK,TWICE,1,615,0,189476119.0,14,77,15.0,1,2.0,120,MINOR,14,0
2022-01-20,BILLIE EILISH.,ARMANI WHITE,1,2537,0,277132266.0,49,1,67.0,11,1.0,100,MAJOR,11,0
2022-06-03,FERXXO 100,FEID,1,1647,30,278920007.0,20,49,23.0,2,2.0,164,MINOR,25,0
2022-06-10,KU LO SA - A COLORS SHOW,OXLADE,1,2019,8,222410722.0,117,72,107.0,1,7.0,93,MINOR,31,0
2022-09-13,PROHIBIDOX,FEID,1,1473,12,185392587.0,25,36,25.0,1,0.0,180,MINOR,5,0
2022-07-15,STATIC,STEVE LACY,1,1613,0,202452860.0,21,15,13.0,0,0.0,79,MAJOR,43,63
2002-08-05,THE SCIENTIST,COLDPLAY,1,30992,6,1608164312.0,124,25,7.827,1,0.0,146,MAJOR,73,0
2000-07-10,SPARKS,COLDPLAY,1,10826,4,624101957.0,24,0,805.0,0,0.0,103,MAJOR,75,5
2022-09-02,TALK,YEAT,1,920,0,148461629.0,10,1,8.0,0,0.0,140,MINOR,8,0
2022-09-13,XQ TE PONES ASÏ¿,"YANDEL, FEID",2,308,0,47093942.0,6,1,6.0,0,0.0,92,MAJOR,13,0
2016-06-23,SELFISH,PNB ROCK,1,2468,0,380319238.0,15,0,0.0,0,0.0,102,MINOR,11,0
2022-07-22,SIN SEÏ¿½Ï,"OVY ON THE DRUMS, QUEVEDO",2,1097,2,209106362.0,18,10,13.0,1,1.0,118,MINOR,33,1
2022-09-13,LADY MI AMOR,FEID,1,330,0,53987404.0,3,0,2.0,0,0.0,93,MAJOR,6,0
2022-06-23,POLAND,LIL YACHTY,1,1584,0,115331792.0,38,0,24.0,0,0.0,150,MINOR,14,83
2022-10-07,THE LONELIEST,MÏ¿½Ï¿½NE,1,1585,5,225093344.0,78,65,328.0,1,198.0,130,MAJOR,0,0
2022-10-14,BYE BYE,"MARSHMELLO, JUICE WRLD",2,766,0,84697729.0,16,0,9.0,0,0.0,83,MINOR,6,0
2022-08-18,BABY OTAKU,"FRAN C, POLIMA WESTCOAST, NICKOOG CLK, PABLITO PESADILLA",4,836,0,159240673.0,14,1,13.0,0,0.0,102,MAJOR,5,0
2022-10-17,NXDE,(G)I-DLE,1,430,6,170709584.0,14,116,9.0,0,11.0,136,MINOR,4,0
1982-05-16,MISS YOU,SOUTHSTAR,1,2020,0,154356956.0,77,10,119.0,0,40.0,145,MAJOR,17,0
2018-11-21,WE FELL IN LOVE IN OCTOBER,GIRL IN RED,1,6858,0,723043854.0,31,21,15.0,0,4.0,130,MAJOR,11,18
2022-07-14,2 BE LOVED (AM I READY),LIZZO,1,3682,6,247689123.0,41,0,158.0,2,68.0,156,MAJOR,9,0
2022-09-29,CELESTIAL,ED SHEERAN,1,1639,0,176474912.0,86,14,80.0,0,37.0,123,MAJOR,5,0
2022-09-16,TYPA GIRL,BLACKPINK,1,452,10,235549288.0,2,129,13.0,0,1.0,132,MAJOR,7,0
2020-12-18,I REALLY WANT TO STAY AT YOUR HOUSE,"ROSA WALTON, HALLIE COGGINS",2,668,1,140430339.0,0,0,31.0,0,0.0,125,MINOR,0,0
2022-10-14,CALIFORNIA BREEZE,LIL BABY,1,991,0,85559365.0,36,38,13.0,0,3.0,162,MINOR,0,0
2022-09-22,BAMBA (FEAT. AITCH & BIA),"LUCIANO, AITCH, BÏ¿½",3,869,7,146223492.0,14,12,12.0,2,28.0,138,MAJOR,14,0
2022-07-01,CASEI COM A PUTARIA,"MC RYAN SP, LOVE FUNK, MC PAIVA ZS",3,648,4,187701588.0,0,0,30.0,0,0.0,161,MINOR,12,0
2022-11-04,MAJOR DISTRIBUTION,"DRAKE, 21 SAVAGE",2,1545,0,154863153.0,22,7,15.0,0,0.0,131,MINOR,1,0
2022-11-04,PUSSY & MILLIONS (FEAT. TRAVIS SCOTT),"DRAKE, TRAVIS SCOTT, 21 SAVAGE",3,1930,0,191333656.0,24,8,17.0,0,1.0,122,MINOR,6,0
2022-10-21,VIGILANTE SHIT,TAYLOR SWIFT,1,1948,0,253650850.0,12,9,16.0,0,0.0,80,MINOR,17,0
2022-10-21,QUESTION...?,TAYLOR SWIFT,1,1608,0,223064273.0,10,3,12.0,0,0.0,109,MAJOR,20,0
2022-11-04,ON BS,"DRAKE, 21 SAVAGE",2,1338,0,170413877.0,9,20,7.0,0,0.0,158,MAJOR,2,0
2022-10-21,MASTERMIND,TAYLOR SWIFT,1,1936,0,218320587.0,7,5,13.0,0,0.0,126,MAJOR,55,0
2022-11-04,CIRCO LOCO,"DRAKE, 21 SAVAGE",2,1794,0,141720999.0,26,9,17.0,0,3.0,104,MAJOR,1,0
2022-10-21,LABYRINTH,TAYLOR SWIFT,1,1597,0,187339835.0,6,3,15.0,0,0.0,110,MAJOR,80,22
2022-11-04,SPIN BOUT U,"DRAKE, 21 SAVAGE",2,1652,2,198365537.0,26,52,10.0,0,95.0,130,MAJOR,1,0
2022-10-21,SWEET NOTHING,TAYLOR SWIFT,1,1747,0,186104310.0,9,6,13.0,0,2.0,177,MAJOR,97,0
2022-10-21,"WOULD'VE, COULD'VE, SHOULD'VE",TAYLOR SWIFT,1,1715,0,177503916.0,4,5,8.0,0,0.0,158,MAJOR,43,0
2022-11-04,CON LA BRISA,"LUDWIG GORANSSON, FOUDEQUSH",2,486,0,71095708.0,8,1,7.0,0,0.0,114,MINOR,51,33
2022-11-04,PRIVILEGED RAPPERS,"DRAKE, 21 SAVAGE",2,1007,0,112436403.0,6,5,3.0,0,0.0,144,MAJOR,0,0
2022-10-28,THE ASTRONAUT,JIN,1,481,9,203436468.0,10,100,15.0,1,27.0,125,MAJOR,0,0
2022-11-04,BACKOUTSIDEBOYZ,DRAKE,1,1045,0,93367537.0,8,5,2.0,0,0.0,142,MINOR,4,0
2022-11-04,BROKE BOYS,"DRAKE, 21 SAVAGE",2,1060,0,106249219.0,3,8,5.0,0,0.0,120,MAJOR,1,0
2022-10-21,THE GREAT WAR,TAYLOR SWIFT,1,1274,0,181382590.0,1,6,11.0,0,0.0,96,MAJOR,22,0
2022-11-03,MY MIND & ME,SELENA GOMEZ,1,953,0,91473363.0,61,13,37.0,1,0.0,144,MAJOR,57,0
2022-10-21,BIGGER THAN THE WHOLE SKY,TAYLOR SWIFT,1,1180,0,121871870.0,4,0,8.0,0,0.0,166,MAJOR,83,1
2022-11-03,A VECES (FEAT. FEID),"FEID, PAULO LONDRA",2,573,0,73513683.0,2,0,7.0,0,0.0,92,MAJOR,4,0
2022-10-20,EN LA DE ELLA,"FEID, SECH, JHAYCO",3,1320,0,133895612.0,29,26,17.0,0,0.0,97,MAJOR,8,0
2022-11-04,ALONE,BURNA BOY,1,782,2,96007391.0,27,18,32.0,1,0.0,90,MINOR,15,0
